EduCat,USRCat,AgeCat,IncCat,MarCat,RaceCat,GenderCat,ideo5_2016,Success,n
1,1,2,2,5,2,1,4,0,1
1,1,4,1,3,4,2,2,1,1
1,1,4,1,5,3,2,5,0,1
1,1,4,2,1,2,2,3,1,1
1,1,4,2,5,2,1,1,0,1
1,1,5,2,1,2,1,4,1,1
1,1,5,2,3,2,1,3,1,1
1,1,5,2,3,2,2,4,1,1
1,1,5,3,1,2,1,3,1,1
1,1,5,4,1,2,1,4,1,1
1,1,5,5,2,4,1,2,1,1
1,2,1,1,5,2,2,4,0,1
1,2,1,1,5,3,2,6,0,1
1,2,1,2,1,2,2,3,1,1
1,2,2,1,1,2,2,3,1,2
1,2,2,1,5,2,1,3,0,1
1,2,2,1,5,2,2,6,0,1
1,2,2,2,1,2,1,5,1,1
1,2,2,3,1,2,2,3,1,1
1,2,2,5,1,2,1,4,0,1
1,2,2,6,5,2,1,2,0,1
1,2,3,1,1,3,2,3,0,1
1,2,3,1,1,3,2,6,1,1
1,2,3,1,2,2,1,4,1,1
1,2,3,1,3,2,1,6,0,1
1,2,3,1,3,2,2,3,0,1
1,2,3,1,4,2,2,6,0,1
1,2,3,2,1,2,1,4,1,1
1,2,3,2,1,2,2,3,1,1
1,2,3,2,2,2,2,4,1,1
1,2,3,2,5,2,1,4,0,1
1,2,3,3,1,2,1,2,1,1
1,2,3,3,4,2,2,6,0,1
1,2,3,3,5,2,1,3,0,1
1,2,3,5,1,2,1,3,1,1
1,2,3,6,1,2,1,4,1,1
1,2,3,6,5,2,2,3,0,1
1,2,4,1,1,2,1,3,1,1
1,2,4,1,1,2,2,3,0,1
1,2,4,1,1,2,2,4,0,1
1,2,4,1,3,2,2,3,0,1
1,2,4,1,3,2,2,5,0,1
1,2,4,1,5,2,1,3,1,2
1,2,4,2,1,2,1,3,0,1
1,2,4,2,1,2,1,4,1,1
1,2,4,2,1,2,2,4,1,1
1,2,4,2,1,2,2,6,0,1
1,2,4,2,1,3,2,3,0,1
1,2,4,2,2,3,2,1,0,1
1,2,4,2,5,2,1,3,1,1
1,2,4,2,5,2,1,6,0,1
1,2,4,2,5,2,2,3,0,1
1,2,4,3,1,1,1,1,0,1
1,2,4,3,1,2,1,4,1,1
1,2,4,3,1,4,1,4,1,1
1,2,4,4,1,2,1,3,1,1
1,2,4,5,1,2,1,3,0,2
1,2,4,5,3,1,1,3,1,1
1,2,4,6,1,2,1,3,1,1
1,2,4,6,1,2,1,6,0,1
1,2,5,1,1,1,2,4,0,1
1,2,5,1,1,2,2,1,0,1
1,2,5,1,1,2,2,2,0,1
1,2,5,1,2,2,2,2,0,1
1,2,5,1,2,2,2,3,0,1
1,2,5,1,2,2,2,4,0,1
1,2,5,1,2,2,2,5,2,2
1,2,5,1,2,2,2,6,0,1
1,2,5,1,3,2,1,5,0,1
1,2,5,1,3,2,2,2,0,1
1,2,5,1,3,2,2,4,0,1
1,2,5,1,3,3,1,6,0,1
1,2,5,2,1,1,1,4,1,1
1,2,5,2,1,1,1,5,1,1
1,2,5,2,1,1,2,5,1,1
1,2,5,2,1,2,1,2,0,1
1,2,5,2,1,2,1,3,1,3
1,2,5,2,1,2,1,4,4,5
1,2,5,2,1,2,1,5,1,1
1,2,5,2,1,2,2,4,1,2
1,2,5,2,2,2,1,4,1,1
1,2,5,2,2,4,1,4,1,1
1,2,5,2,3,2,1,5,1,1
1,2,5,2,3,2,2,3,0,1
1,2,5,2,3,2,2,5,1,1
1,2,5,2,5,2,2,3,0,1
1,2,5,2,5,2,2,4,0,1
1,2,5,3,1,2,1,3,1,1
1,2,5,3,1,2,1,4,0,2
1,2,5,3,1,2,2,4,1,1
1,2,5,3,3,2,1,4,0,1
1,2,5,4,1,2,1,4,1,1
1,2,5,4,2,2,2,5,1,1
1,2,5,5,1,2,1,4,1,1
1,2,5,5,2,2,2,3,0,1
1,2,5,5,3,2,2,3,0,1
1,2,5,6,1,2,1,1,0,1
1,2,5,6,1,2,1,3,0,1
1,2,5,6,1,2,1,4,2,2
1,2,5,6,1,2,1,5,1,1
1,2,5,6,1,3,1,3,0,1
1,2,5,6,1,4,1,3,1,1
1,2,5,6,2,2,2,3,1,2
1,2,5,6,5,2,2,3,0,1
1,3,2,1,3,2,1,6,0,1
1,3,2,2,1,2,2,6,0,1
1,3,3,2,1,2,2,5,0,1
1,3,3,6,1,2,1,6,0,1
1,3,3,6,2,2,1,6,0,1
1,3,4,1,1,2,1,3,1,1
1,3,4,1,1,2,1,6,1,1
1,3,4,1,1,2,2,4,0,1
1,3,4,1,1,2,2,5,1,1
1,3,4,1,3,2,2,3,0,1
1,3,4,1,3,2,2,6,0,1
1,3,4,2,1,2,1,4,1,1
1,3,4,2,1,2,2,3,1,1
1,3,4,3,1,2,2,4,1,1
1,3,4,4,1,2,1,3,1,1
1,3,4,6,3,2,1,4,1,1
1,3,5,1,1,2,1,2,0,1
1,3,5,1,1,2,1,4,0,1
1,3,5,1,1,2,1,5,0,2
1,3,5,2,1,2,1,3,0,2
1,3,5,2,1,2,2,6,0,1
1,3,5,2,2,2,2,4,0,1
1,3,5,2,5,2,1,5,1,1
1,3,5,4,1,2,1,4,1,1
1,3,5,5,1,1,2,3,0,1
1,3,5,6,1,1,1,3,0,1
1,3,5,6,1,2,1,4,1,1
2,1,2,1,1,2,2,2,0,1
2,1,2,1,5,2,1,4,0,1
2,1,2,2,1,2,2,1,0,1
2,1,2,2,1,4,1,3,0,1
2,1,2,2,5,2,1,3,1,1
2,1,2,3,1,2,1,2,0,1
2,1,2,3,1,2,2,4,0,1
2,1,2,3,5,4,1,3,1,1
2,1,2,5,1,1,2,2,0,1
2,1,2,6,1,2,2,6,0,1
2,1,2,6,1,4,2,6,0,1
2,1,2,6,4,4,2,4,0,1
2,1,2,6,5,2,1,1,0,1
2,1,3,1,1,2,2,2,0,1
2,1,3,1,2,2,2,3,0,1
2,1,3,1,5,2,1,4,1,1
2,1,3,1,5,2,1,5,1,1
2,1,3,2,1,2,1,4,0,1
2,1,3,2,1,2,2,2,1,1
2,1,3,2,1,4,2,2,0,1
2,1,3,2,2,2,1,5,1,1
2,1,3,2,5,2,2,5,2,2
2,1,3,2,5,3,2,3,0,3
2,1,3,2,5,4,2,6,0,1
2,1,3,3,1,1,1,2,0,1
2,1,3,3,1,2,2,3,0,2
2,1,3,3,1,2,2,4,1,1
2,1,3,3,1,4,2,3,0,1
2,1,3,3,5,3,1,1,0,1
2,1,3,4,1,2,1,2,0,1
2,1,3,4,1,4,1,6,0,1
2,1,3,5,1,1,1,5,1,1
2,1,3,5,1,3,2,3,0,1
2,1,3,5,2,4,1,3,0,1
2,1,3,5,3,2,1,4,1,1
2,1,3,6,1,2,2,5,1,2
2,1,3,6,1,2,2,6,1,2
2,1,3,6,3,2,1,4,1,1
2,1,3,6,5,2,2,4,1,2
2,1,3,6,5,4,1,3,0,1
2,1,4,1,1,2,2,4,1,2
2,1,4,1,3,2,2,3,1,1
2,1,4,1,5,2,1,3,0,1
2,1,4,1,5,3,1,2,0,1
2,1,4,1,5,3,2,3,0,1
2,1,4,1,5,4,1,2,1,1
2,1,4,2,1,2,1,3,2,2
2,1,4,2,1,2,1,4,1,1
2,1,4,2,1,2,2,2,0,1
2,1,4,2,1,2,2,3,0,1
2,1,4,2,1,2,2,4,1,2
2,1,4,2,1,2,2,6,0,1
2,1,4,2,1,3,1,3,0,2
2,1,4,2,1,3,2,1,0,1
2,1,4,2,3,2,2,2,0,1
2,1,4,2,3,2,2,3,0,2
2,1,4,2,3,2,2,5,1,1
2,1,4,2,3,3,1,1,0,1
2,1,4,2,5,1,2,3,0,1
2,1,4,2,5,2,1,3,1,1
2,1,4,3,1,1,2,3,0,1
2,1,4,3,1,1,2,5,0,1
2,1,4,3,1,2,1,2,1,1
2,1,4,3,1,2,1,4,2,3
2,1,4,3,1,2,2,3,1,3
2,1,4,3,1,2,2,4,1,1
2,1,4,3,3,2,1,5,1,1
2,1,4,4,1,2,1,4,2,2
2,1,4,4,1,2,2,4,1,1
2,1,4,4,1,4,2,5,0,1
2,1,4,5,1,2,1,3,0,2
2,1,4,5,1,2,1,4,1,1
2,1,4,5,1,2,2,3,0,1
2,1,4,5,1,4,1,3,1,1
2,1,4,5,1,4,2,4,1,1
2,1,4,5,5,3,1,3,0,1
2,1,4,6,1,2,1,5,1,1
2,1,4,6,1,2,2,5,1,1
2,1,4,6,1,3,1,3,0,1
2,1,4,6,1,4,1,4,0,1
2,1,4,6,2,4,2,5,1,1
2,1,4,6,3,3,2,2,0,1
2,1,5,1,1,4,1,3,0,1
2,1,5,1,2,2,2,3,0,1
2,1,5,1,2,2,2,4,0,1
2,1,5,1,3,2,2,3,1,1
2,1,5,1,3,2,2,4,0,1
2,1,5,1,3,3,2,1,0,1
2,1,5,1,5,2,2,2,0,1
2,1,5,1,5,5,1,3,0,1
2,1,5,2,1,2,1,2,1,1
2,1,5,2,1,2,1,4,3,3
2,1,5,2,1,2,1,5,0,1
2,1,5,2,1,2,2,1,0,1
2,1,5,2,1,2,2,2,0,1
2,1,5,2,1,2,2,3,0,1
2,1,5,2,1,2,2,4,0,1
2,1,5,2,1,2,2,5,1,2
2,1,5,2,1,2,2,6,0,1
2,1,5,2,1,4,2,2,0,1
2,1,5,2,2,2,1,2,1,1
2,1,5,2,2,2,1,5,1,1
2,1,5,2,2,2,2,2,0,3
2,1,5,2,2,2,2,3,0,2
2,1,5,2,3,2,1,3,1,1
2,1,5,2,3,2,2,1,1,1
2,1,5,2,3,2,2,3,0,2
2,1,5,2,3,2,2,4,0,1
2,1,5,2,4,2,1,2,1,1
2,1,5,2,4,2,2,3,0,1
2,1,5,2,5,2,2,4,1,1
2,1,5,3,1,1,2,3,1,1
2,1,5,3,1,2,1,3,1,3
2,1,5,3,1,2,1,4,2,2
2,1,5,3,1,2,2,2,0,1
2,1,5,3,1,2,2,3,3,3
2,1,5,3,1,3,1,1,0,1
2,1,5,3,1,3,1,2,0,1
2,1,5,3,1,4,2,5,1,1
2,1,5,3,2,2,2,4,1,1
2,1,5,3,3,2,2,2,0,1
2,1,5,4,1,2,1,2,0,1
2,1,5,5,1,2,1,3,1,1
2,1,5,5,1,2,1,4,2,2
2,1,5,5,1,2,2,5,1,1
2,1,5,6,1,2,1,4,1,1
2,1,5,6,1,2,1,5,1,1
2,1,5,6,1,2,2,2,0,2
2,1,5,6,1,2,2,3,2,3
2,1,5,6,1,2,2,4,0,1
2,1,5,6,1,4,1,4,1,1
2,1,5,6,1,4,2,2,0,1
2,1,5,6,2,2,1,3,0,1
2,1,5,6,2,2,2,3,1,1
2,2,1,1,5,2,2,6,1,1
2,2,1,2,1,2,1,5,1,1
2,2,1,2,5,1,1,2,0,1
2,2,1,2,5,2,2,3,0,1
2,2,1,2,5,3,1,1,0,1
2,2,1,3,5,2,1,4,0,1
2,2,1,3,5,4,1,4,1,1
2,2,1,5,1,2,2,3,0,1
2,2,1,5,5,1,2,1,0,1
2,2,2,1,1,2,1,6,0,1
2,2,2,1,1,2,2,1,0,1
2,2,2,1,2,2,2,5,0,1
2,2,2,1,3,2,2,3,1,1
2,2,2,1,3,2,2,4,0,1
2,2,2,1,5,1,1,2,0,1
2,2,2,1,5,2,1,2,0,1
2,2,2,1,5,2,1,3,0,1
2,2,2,1,5,2,2,3,1,2
2,2,2,1,5,2,2,4,1,1
2,2,2,1,5,3,1,2,0,1
2,2,2,1,5,3,1,3,0,1
2,2,2,1,5,3,1,5,1,1
2,2,2,1,5,3,2,6,0,1
2,2,2,2,1,2,1,1,0,1
2,2,2,2,1,2,1,2,1,2
2,2,2,2,1,2,1,4,1,1
2,2,2,2,1,2,1,5,2,3
2,2,2,2,1,2,2,1,0,2
2,2,2,2,1,2,2,2,1,3
2,2,2,2,1,2,2,3,1,4
2,2,2,2,1,2,2,6,0,2
2,2,2,2,1,3,1,3,1,1
2,2,2,2,1,4,2,3,0,1
2,2,2,2,3,1,2,6,0,1
2,2,2,2,3,2,1,5,1,1
2,2,2,2,3,2,2,2,1,1
2,2,2,2,3,2,2,4,1,1
2,2,2,2,5,2,1,3,0,1
2,2,2,2,5,2,2,1,0,1
2,2,2,2,5,3,2,5,0,1
2,2,2,2,5,4,1,3,0,1
2,2,2,2,5,4,1,4,1,1
2,2,2,2,5,4,2,6,0,1
2,2,2,3,1,1,2,1,0,1
2,2,2,3,1,2,1,3,1,1
2,2,2,3,1,2,1,4,1,1
2,2,2,3,1,2,2,1,0,1
2,2,2,3,1,2,2,2,0,2
2,2,2,3,1,2,2,3,1,3
2,2,2,3,1,2,2,4,1,2
2,2,2,3,1,2,2,5,2,2
2,2,2,3,1,2,2,6,1,2
2,2,2,3,1,3,2,3,0,1
2,2,2,3,1,4,2,2,0,1
2,2,2,3,3,2,1,5,1,1
2,2,2,3,3,2,2,3,0,1
2,2,2,3,5,1,2,3,0,1
2,2,2,3,5,2,1,2,0,1
2,2,2,3,5,3,1,3,0,1
2,2,2,4,1,2,2,3,0,1
2,2,2,4,1,2,2,5,1,1
2,2,2,4,5,1,1,5,1,1
2,2,2,5,1,2,1,2,0,1
2,2,2,5,1,4,2,1,0,1
2,2,2,6,1,2,1,4,1,1
2,2,2,6,2,2,2,3,0,1
2,2,2,6,5,1,2,3,1,1
2,2,2,6,5,2,1,1,1,1
2,2,2,6,5,2,1,5,1,1
2,2,2,6,5,2,2,3,1,2
2,2,2,6,5,2,2,5,1,1
2,2,2,6,5,3,2,3,0,1
2,2,2,6,5,4,1,4,0,1
2,2,3,1,1,1,2,3,0,1
2,2,3,1,1,2,1,4,1,1
2,2,3,1,1,2,1,6,0,1
2,2,3,1,1,2,2,2,1,1
2,2,3,1,1,2,2,4,0,1
2,2,3,1,1,3,2,5,1,1
2,2,3,1,1,4,1,4,0,1
2,2,3,1,2,3,2,1,0,1
2,2,3,1,3,1,1,3,0,1
2,2,3,1,3,2,1,4,0,1
2,2,3,1,3,2,1,5,1,1
2,2,3,1,3,2,1,6,0,1
2,2,3,1,3,3,2,4,0,1
2,2,3,1,4,2,2,1,0,1
2,2,3,1,4,3,1,1,0,1
2,2,3,1,5,2,1,1,0,1
2,2,3,1,5,2,1,2,0,1
2,2,3,1,5,2,1,5,3,3
2,2,3,1,5,2,2,2,0,1
2,2,3,1,5,2,2,3,1,1
2,2,3,1,5,2,2,4,0,1
2,2,3,1,5,2,2,6,0,2
2,2,3,1,5,3,1,1,0,1
2,2,3,1,5,3,1,2,0,1
2,2,3,1,5,3,1,3,1,1
2,2,3,1,5,3,2,2,0,1
2,2,3,1,5,3,2,3,0,1
2,2,3,1,5,3,2,6,0,1
2,2,3,2,1,2,1,2,0,3
2,2,3,2,1,2,1,3,2,3
2,2,3,2,1,2,1,4,2,2
2,2,3,2,1,2,1,5,1,1
2,2,3,2,1,2,2,1,0,1
2,2,3,2,1,2,2,2,1,3
2,2,3,2,1,2,2,3,4,7
2,2,3,2,1,2,2,4,1,7
2,2,3,2,1,2,2,5,0,1
2,2,3,2,1,2,2,6,0,2
2,2,3,2,1,3,2,3,0,1
2,2,3,2,1,3,2,6,0,1
2,2,3,2,1,4,2,5,0,1
2,2,3,2,2,2,2,2,0,1
2,2,3,2,2,2,2,3,0,1
2,2,3,2,3,2,1,4,2,2
2,2,3,2,3,2,1,6,0,1
2,2,3,2,3,2,2,2,0,1
2,2,3,2,3,2,2,3,0,2
2,2,3,2,3,2,2,4,1,3
2,2,3,2,3,2,2,5,1,2
2,2,3,2,4,2,2,2,1,1
2,2,3,2,4,2,2,3,0,1
2,2,3,2,5,1,1,5,1,1
2,2,3,2,5,1,2,6,0,1
2,2,3,2,5,2,1,1,0,1
2,2,3,2,5,2,1,2,0,1
2,2,3,2,5,2,1,3,0,3
2,2,3,2,5,2,1,4,0,1
2,2,3,2,5,2,1,5,3,3
2,2,3,2,5,2,2,1,0,2
2,2,3,2,5,2,2,2,0,1
2,2,3,2,5,2,2,3,0,2
2,2,3,2,5,2,2,4,1,2
2,2,3,2,5,2,2,5,0,1
2,2,3,2,5,3,1,3,0,1
2,2,3,2,5,3,1,5,0,1
2,2,3,2,5,3,2,2,0,1
2,2,3,2,5,4,1,1,0,1
2,2,3,2,5,4,1,3,1,1
2,2,3,2,5,4,2,2,0,1
2,2,3,3,1,1,1,4,2,2
2,2,3,3,1,1,2,6,0,1
2,2,3,3,1,2,1,1,0,1
2,2,3,3,1,2,1,3,2,3
2,2,3,3,1,2,1,4,1,3
2,2,3,3,1,2,1,5,4,4
2,2,3,3,1,2,1,6,0,1
2,2,3,3,1,2,2,1,0,1
2,2,3,3,1,2,2,3,1,7
2,2,3,3,1,2,2,4,6,8
2,2,3,3,1,2,2,5,1,1
2,2,3,3,1,2,2,6,0,1
2,2,3,3,1,3,2,3,0,1
2,2,3,3,1,4,1,3,1,2
2,2,3,3,1,4,2,3,1,1
2,2,3,3,1,5,1,3,1,1
2,2,3,3,3,2,1,3,0,1
2,2,3,3,3,2,2,3,1,2
2,2,3,3,3,3,2,2,0,1
2,2,3,3,3,4,1,3,1,1
2,2,3,3,5,2,1,3,1,1
2,2,3,3,5,2,1,4,1,1
2,2,3,3,5,2,1,5,1,1
2,2,3,3,5,2,2,2,0,1
2,2,3,3,5,2,2,3,1,1
2,2,3,4,1,2,1,3,3,5
2,2,3,4,1,2,1,4,2,4
2,2,3,4,1,2,2,3,0,2
2,2,3,4,1,2,2,4,0,1
2,2,3,4,1,3,1,3,0,1
2,2,3,4,1,3,2,2,0,1
2,2,3,4,1,3,2,3,0,1
2,2,3,4,3,2,1,4,1,1
2,2,3,4,5,3,1,4,1,1
2,2,3,5,1,1,1,5,1,1
2,2,3,5,1,1,2,4,0,1
2,2,3,5,1,2,1,1,0,1
2,2,3,5,1,2,1,2,0,1
2,2,3,5,1,2,1,3,1,1
2,2,3,5,1,2,1,4,3,3
2,2,3,5,1,2,1,5,2,2
2,2,3,5,1,2,2,3,1,4
2,2,3,5,1,2,2,4,2,4
2,2,3,5,1,2,2,5,1,2
2,2,3,5,1,3,1,2,0,1
2,2,3,5,1,4,1,4,1,1
2,2,3,5,1,4,2,4,0,1
2,2,3,6,1,1,1,4,1,1
2,2,3,6,1,1,2,4,1,1
2,2,3,6,1,2,1,3,2,2
2,2,3,6,1,2,1,4,1,1
2,2,3,6,1,2,1,5,1,2
2,2,3,6,1,2,2,1,1,1
2,2,3,6,1,2,2,3,1,3
2,2,3,6,1,2,2,4,1,1
2,2,3,6,2,2,1,4,1,1
2,2,3,6,3,2,1,3,0,1
2,2,3,6,3,2,2,3,0,1
2,2,3,6,4,2,1,3,1,1
2,2,3,6,5,1,1,2,0,1
2,2,3,6,5,1,1,3,1,1
2,2,3,6,5,2,1,1,0,1
2,2,3,6,5,2,1,3,1,1
2,2,3,6,5,2,1,4,1,1
2,2,3,6,5,2,2,3,0,1
2,2,3,6,5,2,2,5,1,1
2,2,4,1,1,2,1,2,1,1
2,2,4,1,1,2,2,1,1,1
2,2,4,1,1,2,2,2,0,2
2,2,4,1,1,2,2,3,2,5
2,2,4,1,1,2,2,4,2,2
2,2,4,1,1,2,2,6,0,1
2,2,4,1,1,3,2,2,0,1
2,2,4,1,1,4,2,1,1,1
2,2,4,1,2,2,2,3,1,4
2,2,4,1,3,1,1,4,1,1
2,2,4,1,3,2,1,3,2,2
2,2,4,1,3,2,1,4,1,1
2,2,4,1,3,2,1,6,1,1
2,2,4,1,3,2,2,2,0,4
2,2,4,1,3,2,2,3,1,3
2,2,4,1,3,2,2,4,0,2
2,2,4,1,3,2,2,5,0,1
2,2,4,1,3,2,2,6,1,4
2,2,4,1,3,3,1,2,0,1
2,2,4,1,3,3,2,2,0,1
2,2,4,1,3,4,1,2,0,1
2,2,4,1,3,5,1,2,0,1
2,2,4,1,4,2,1,3,0,1
2,2,4,1,4,3,2,2,0,1
2,2,4,1,5,1,1,2,0,1
2,2,4,1,5,2,1,2,1,1
2,2,4,1,5,2,1,3,0,2
2,2,4,1,5,2,1,4,1,2
2,2,4,1,5,2,2,1,0,1
2,2,4,1,5,2,2,2,0,1
2,2,4,1,5,2,2,3,0,2
2,2,4,1,5,2,2,4,0,2
2,2,4,1,5,2,2,6,0,3
2,2,4,1,5,3,1,2,0,1
2,2,4,1,5,3,1,3,0,1
2,2,4,1,5,3,1,4,0,1
2,2,4,1,5,3,2,2,0,1
2,2,4,1,5,3,2,5,1,1
2,2,4,1,5,4,2,1,0,1
2,2,4,2,1,1,1,5,0,1
2,2,4,2,1,2,1,2,2,2
2,2,4,2,1,2,1,3,3,5
2,2,4,2,1,2,1,4,8,10
2,2,4,2,1,2,1,5,1,1
2,2,4,2,1,2,2,1,0,3
2,2,4,2,1,2,2,2,0,2
2,2,4,2,1,2,2,3,6,16
2,2,4,2,1,2,2,4,2,10
2,2,4,2,1,2,2,5,1,3
2,2,4,2,1,2,2,6,0,1
2,2,4,2,1,3,1,2,0,1
2,2,4,2,1,3,2,2,0,1
2,2,4,2,1,3,2,3,0,1
2,2,4,2,1,4,2,5,0,2
2,2,4,2,2,2,1,2,0,1
2,2,4,2,2,2,1,4,2,2
2,2,4,2,2,2,2,3,4,6
2,2,4,2,2,2,2,4,0,1
2,2,4,2,2,2,2,6,0,1
2,2,4,2,2,4,2,3,0,1
2,2,4,2,3,2,1,3,2,3
2,2,4,2,3,2,1,4,1,3
2,2,4,2,3,2,1,5,2,2
2,2,4,2,3,2,2,1,0,2
2,2,4,2,3,2,2,2,0,2
2,2,4,2,3,2,2,3,2,7
2,2,4,2,3,2,2,4,0,2
2,2,4,2,3,2,2,5,0,1
2,2,4,2,3,4,1,2,0,1
2,2,4,2,3,4,2,2,0,1
2,2,4,2,3,4,2,3,0,1
2,2,4,2,4,2,2,4,0,1
2,2,4,2,4,3,1,3,0,1
2,2,4,2,5,1,2,2,0,1
2,2,4,2,5,2,1,2,2,3
2,2,4,2,5,2,1,3,2,3
2,2,4,2,5,2,1,4,4,6
2,2,4,2,5,2,1,5,1,1
2,2,4,2,5,2,2,1,0,1
2,2,4,2,5,2,2,2,0,2
2,2,4,2,5,2,2,3,2,4
2,2,4,2,5,2,2,4,3,4
2,2,4,2,5,3,2,2,0,1
2,2,4,2,5,3,2,4,0,1
2,2,4,2,5,3,2,5,0,1
2,2,4,3,1,1,1,4,1,2
2,2,4,3,1,2,1,2,1,3
2,2,4,3,1,2,1,3,6,10
2,2,4,3,1,2,1,4,12,18
2,2,4,3,1,2,1,5,3,3
2,2,4,3,1,2,1,6,0,1
2,2,4,3,1,2,2,1,0,1
2,2,4,3,1,2,2,2,1,6
2,2,4,3,1,2,2,3,6,15
2,2,4,3,1,2,2,4,6,13
2,2,4,3,1,2,2,5,2,2
2,2,4,3,1,2,2,6,3,3
2,2,4,3,1,3,1,2,0,1
2,2,4,3,1,3,2,2,0,2
2,2,4,3,1,3,2,3,0,1
2,2,4,3,1,4,1,4,1,2
2,2,4,3,2,2,2,4,0,1
2,2,4,3,3,2,1,1,0,1
2,2,4,3,3,2,1,3,0,1
2,2,4,3,3,2,1,4,1,1
2,2,4,3,3,2,2,4,1,1
2,2,4,3,4,2,2,4,1,1
2,2,4,3,4,2,2,6,0,1
2,2,4,3,5,2,1,1,0,1
2,2,4,3,5,2,1,3,2,3
2,2,4,3,5,2,1,4,2,2
2,2,4,3,5,2,2,3,1,1
2,2,4,3,5,2,2,4,1,1
2,2,4,3,5,2,2,5,1,1
2,2,4,3,5,3,2,2,0,1
2,2,4,4,1,2,1,2,1,2
2,2,4,4,1,2,1,3,4,7
2,2,4,4,1,2,1,4,5,5
2,2,4,4,1,2,1,5,2,3
2,2,4,4,1,2,1,6,0,1
2,2,4,4,1,2,2,3,2,7
2,2,4,4,1,2,2,4,0,1
2,2,4,4,2,2,2,3,0,1
2,2,4,4,3,2,2,4,0,1
2,2,4,4,4,2,1,3,0,1
2,2,4,5,1,2,1,2,0,2
2,2,4,5,1,2,1,3,5,7
2,2,4,5,1,2,1,4,3,5
2,2,4,5,1,2,2,3,0,4
2,2,4,5,1,2,2,4,4,7
2,2,4,5,1,2,2,5,0,1
2,2,4,5,1,2,2,6,0,1
2,2,4,5,1,3,2,6,0,1
2,2,4,5,1,4,1,4,0,1
2,2,4,5,2,2,2,3,2,2
2,2,4,5,3,2,1,3,0,1
2,2,4,5,3,2,1,4,1,1
2,2,4,5,5,2,1,4,0,1
2,2,4,5,5,2,1,5,1,1
2,2,4,5,5,2,2,1,0,1
2,2,4,6,1,2,1,1,0,1
2,2,4,6,1,2,1,2,0,1
2,2,4,6,1,2,1,3,2,2
2,2,4,6,1,2,1,4,5,5
2,2,4,6,1,2,1,5,1,1
2,2,4,6,1,2,1,6,0,1
2,2,4,6,1,2,2,2,1,2
2,2,4,6,1,2,2,3,1,1
2,2,4,6,1,2,2,4,3,6
2,2,4,6,1,2,2,5,1,2
2,2,4,6,1,4,2,4,1,1
2,2,4,6,1,4,2,5,1,1
2,2,4,6,3,1,2,4,1,1
2,2,4,6,3,2,1,4,1,2
2,2,4,6,3,2,1,5,2,2
2,2,4,6,3,2,2,3,1,1
2,2,4,6,3,2,2,5,1,1
2,2,4,6,3,2,2,6,0,1
2,2,4,6,3,3,2,4,0,1
2,2,4,6,3,3,2,6,0,1
2,2,4,6,4,2,2,3,0,1
2,2,4,6,4,3,2,3,0,1
2,2,4,6,5,2,1,2,0,1
2,2,4,6,5,2,1,3,0,2
2,2,4,6,5,2,1,4,1,1
2,2,4,6,5,2,1,6,0,1
2,2,4,6,5,2,2,3,0,1
2,2,4,6,5,4,2,4,1,1
2,2,5,1,1,2,1,4,1,2
2,2,5,1,1,2,2,4,2,2
2,2,5,1,1,3,2,1,0,1
2,2,5,1,2,1,2,3,0,1
2,2,5,1,2,1,2,4,0,1
2,2,5,1,2,2,1,4,0,1
2,2,5,1,2,2,1,5,2,2
2,2,5,1,2,2,2,2,0,2
2,2,5,1,2,2,2,3,4,10
2,2,5,1,2,2,2,4,4,7
2,2,5,1,2,2,2,5,3,3
2,2,5,1,2,2,2,6,0,1
2,2,5,1,3,2,1,3,0,1
2,2,5,1,3,2,1,4,2,3
2,2,5,1,3,2,1,5,1,1
2,2,5,1,3,2,2,1,0,1
2,2,5,1,3,2,2,2,0,4
2,2,5,1,3,2,2,3,1,5
2,2,5,1,3,2,2,4,3,6
2,2,5,1,3,2,2,5,1,1
2,2,5,1,3,3,1,3,0,1
2,2,5,1,3,4,1,3,0,1
2,2,5,1,3,5,2,6,0,1
2,2,5,1,4,2,2,2,0,1
2,2,5,1,4,2,2,4,0,1
2,2,5,1,5,1,1,5,1,1
2,2,5,1,5,2,1,2,0,2
2,2,5,1,5,2,1,4,1,1
2,2,5,1,5,2,2,2,2,2
2,2,5,1,5,2,2,3,0,1
2,2,5,1,5,2,2,4,0,2
2,2,5,1,5,3,2,3,0,1
2,2,5,1,5,3,2,4,0,1
2,2,5,2,1,1,1,4,1,2
2,2,5,2,1,1,1,5,1,1
2,2,5,2,1,1,2,6,0,1
2,2,5,2,1,2,1,1,0,2
2,2,5,2,1,2,1,2,0,4
2,2,5,2,1,2,1,3,12,17
2,2,5,2,1,2,1,4,24,29
2,2,5,2,1,2,1,5,6,8
2,2,5,2,1,2,2,1,0,1
2,2,5,2,1,2,2,2,1,7
2,2,5,2,1,2,2,3,4,15
2,2,5,2,1,2,2,4,9,21
2,2,5,2,1,2,2,5,3,7
2,2,5,2,1,2,2,6,1,4
2,2,5,2,1,3,1,4,0,1
2,2,5,2,1,3,2,3,0,4
2,2,5,2,1,4,1,4,1,1
2,2,5,2,1,4,2,3,0,1
2,2,5,2,1,4,2,4,0,1
2,2,5,2,2,1,2,3,0,1
2,2,5,2,2,2,1,2,1,2
2,2,5,2,2,2,1,3,2,3
2,2,5,2,2,2,1,4,4,6
2,2,5,2,2,2,2,1,0,1
2,2,5,2,2,2,2,2,0,5
2,2,5,2,2,2,2,3,5,16
2,2,5,2,2,2,2,4,8,17
2,2,5,2,2,2,2,5,6,8
2,2,5,2,2,2,2,6,0,1
2,2,5,2,2,3,1,1,0,1
2,2,5,2,2,3,2,3,0,2
2,2,5,2,2,3,2,5,0,2
2,2,5,2,3,2,1,3,4,6
2,2,5,2,3,2,1,4,3,4
2,2,5,2,3,2,1,5,3,3
2,2,5,2,3,2,2,1,0,1
2,2,5,2,3,2,2,2,0,8
2,2,5,2,3,2,2,3,2,8
2,2,5,2,3,2,2,4,3,7
2,2,5,2,3,2,2,5,0,1
2,2,5,2,3,2,2,6,0,2
2,2,5,2,3,3,2,2,0,1
2,2,5,2,3,4,1,4,1,1
2,2,5,2,4,2,2,3,1,1
2,2,5,2,5,1,2,3,0,1
2,2,5,2,5,2,1,2,1,1
2,2,5,2,5,2,1,3,2,3
2,2,5,2,5,2,1,4,1,2
2,2,5,2,5,2,2,2,0,1
2,2,5,2,5,2,2,3,0,2
2,2,5,2,5,2,2,4,0,1
2,2,5,3,1,1,1,4,1,1
2,2,5,3,1,2,1,2,0,2
2,2,5,3,1,2,1,3,6,16
2,2,5,3,1,2,1,4,17,20
2,2,5,3,1,2,1,5,3,3
2,2,5,3,1,2,2,1,0,2
2,2,5,3,1,2,2,2,0,8
2,2,5,3,1,2,2,3,6,8
2,2,5,3,1,2,2,4,7,10
2,2,5,3,1,2,2,5,2,4
2,2,5,3,1,3,2,2,0,1
2,2,5,3,1,4,1,3,1,1
2,2,5,3,1,4,1,4,0,1
2,2,5,3,2,2,1,3,1,1
2,2,5,3,2,2,1,4,1,2
2,2,5,3,2,2,1,5,1,1
2,2,5,3,2,2,2,2,0,2
2,2,5,3,2,2,2,3,4,6
2,2,5,3,2,2,2,4,1,2
2,2,5,3,2,2,2,5,1,2
2,2,5,3,2,3,2,2,0,1
2,2,5,3,3,2,1,3,1,2
2,2,5,3,3,2,1,4,1,1
2,2,5,3,3,2,2,3,0,2
2,2,5,3,3,3,1,4,0,1
2,2,5,3,3,3,2,3,0,1
2,2,5,3,5,2,1,3,0,1
2,2,5,3,5,2,2,3,0,1
2,2,5,3,5,2,2,4,0,1
2,2,5,3,5,4,2,4,1,1
2,2,5,4,1,1,2,3,0,1
2,2,5,4,1,2,1,3,2,3
2,2,5,4,1,2,1,4,4,4
2,2,5,4,1,2,1,5,2,2
2,2,5,4,1,2,2,1,0,1
2,2,5,4,1,2,2,2,0,2
2,2,5,4,1,2,2,3,0,3
2,2,5,4,1,2,2,4,1,2
2,2,5,4,1,2,2,5,1,1
2,2,5,4,1,3,2,3,0,1
2,2,5,4,2,2,1,4,1,1
2,2,5,4,2,2,2,1,0,1
2,2,5,4,2,2,2,3,0,1
2,2,5,4,3,2,2,3,0,2
2,2,5,4,5,2,2,3,1,1
2,2,5,5,1,2,1,3,3,6
2,2,5,5,1,2,1,4,4,4
2,2,5,5,1,2,1,5,1,2
2,2,5,5,1,2,2,3,0,2
2,2,5,5,1,2,2,4,1,2
2,2,5,5,1,3,1,3,0,1
2,2,5,5,1,4,1,3,1,1
2,2,5,5,2,2,2,5,0,1
2,2,5,5,3,2,2,4,0,1
2,2,5,5,5,2,1,3,1,1
2,2,5,6,1,1,1,3,1,1
2,2,5,6,1,2,1,1,0,1
2,2,5,6,1,2,1,3,6,11
2,2,5,6,1,2,1,4,7,8
2,2,5,6,1,2,1,5,0,1
2,2,5,6,1,2,2,1,0,2
2,2,5,6,1,2,2,2,0,3
2,2,5,6,1,2,2,3,6,9
2,2,5,6,1,2,2,4,6,12
2,2,5,6,1,2,2,5,1,1
2,2,5,6,1,3,2,2,0,1
2,2,5,6,1,3,2,6,0,1
2,2,5,6,1,5,2,3,0,1
2,2,5,6,2,1,2,4,0,1
2,2,5,6,2,2,1,4,2,2
2,2,5,6,2,2,2,1,0,2
2,2,5,6,2,2,2,3,1,4
2,2,5,6,2,2,2,4,2,2
2,2,5,6,2,2,2,5,2,4
2,2,5,6,5,2,1,1,0,1
2,2,5,6,5,2,1,3,0,1
2,2,5,6,5,2,2,3,0,1
2,2,5,6,5,3,1,2,0,1
2,2,5,6,5,3,2,2,0,1
2,3,1,1,1,2,2,6,0,1
2,3,2,1,1,2,2,5,0,1
2,3,2,1,2,2,2,4,0,1
2,3,2,1,3,2,2,6,0,1
2,3,2,1,5,2,1,3,1,1
2,3,2,1,5,2,2,2,0,1
2,3,2,1,5,2,2,6,0,1
2,3,2,2,1,2,1,2,0,1
2,3,2,2,1,2,2,1,0,1
2,3,2,2,1,2,2,5,2,4
2,3,2,2,3,2,1,3,1,1
2,3,2,2,3,2,1,5,1,1
2,3,2,2,4,2,2,2,1,1
2,3,2,2,5,1,1,1,0,1
2,3,2,2,5,2,1,3,1,1
2,3,2,2,5,2,2,1,0,1
2,3,2,2,5,2,2,2,0,2
2,3,2,2,5,2,2,4,0,1
2,3,2,3,1,2,1,3,0,1
2,3,2,3,1,2,2,4,3,5
2,3,2,3,1,2,2,5,1,1
2,3,2,3,3,2,1,2,0,1
2,3,2,4,1,2,1,4,1,1
2,3,2,5,5,2,2,2,0,1
2,3,2,6,1,2,2,5,1,1
2,3,2,6,3,2,2,3,0,1
2,3,2,6,5,2,1,4,1,1
2,3,3,1,1,2,2,2,0,1
2,3,3,1,3,1,2,6,0,1
2,3,3,1,3,2,1,3,0,1
2,3,3,1,3,2,1,4,0,1
2,3,3,1,3,2,2,6,0,1
2,3,3,1,4,2,2,3,0,1
2,3,3,1,4,3,2,3,0,1
2,3,3,1,5,2,2,6,1,1
2,3,3,2,1,2,1,3,2,3
2,3,3,2,1,2,1,4,1,3
2,3,3,2,1,2,1,5,3,3
2,3,3,2,1,2,2,2,1,1
2,3,3,2,1,2,2,3,2,3
2,3,3,2,1,2,2,4,1,2
2,3,3,2,1,2,2,5,1,2
2,3,3,2,1,2,2,6,0,1
2,3,3,2,1,3,2,1,0,1
2,3,3,2,2,2,2,5,0,1
2,3,3,2,3,1,1,4,1,1
2,3,3,2,3,1,2,4,1,1
2,3,3,2,3,2,1,4,0,1
2,3,3,2,3,2,2,4,1,1
2,3,3,2,4,2,2,3,0,1
2,3,3,2,5,2,1,4,0,1
2,3,3,2,5,2,1,6,0,1
2,3,3,2,5,2,2,2,0,1
2,3,3,2,5,2,2,3,0,1
2,3,3,2,5,2,2,5,0,1
2,3,3,3,1,1,1,5,1,1
2,3,3,3,1,2,1,3,1,1
2,3,3,3,1,2,1,4,4,4
2,3,3,3,1,2,1,5,4,4
2,3,3,3,1,2,2,2,1,1
2,3,3,3,1,2,2,3,1,4
2,3,3,3,1,2,2,4,1,2
2,3,3,3,1,2,2,5,1,2
2,3,3,3,3,2,1,4,1,1
2,3,3,3,3,2,1,5,1,1
2,3,3,3,3,2,2,1,0,1
2,3,3,3,3,2,2,3,1,1
2,3,3,3,4,2,1,5,1,1
2,3,3,3,4,2,2,5,0,1
2,3,3,3,5,2,2,2,0,1
2,3,3,4,1,2,1,2,0,1
2,3,3,4,1,2,1,3,1,1
2,3,3,4,1,2,1,4,2,2
2,3,3,4,1,2,2,3,1,1
2,3,3,4,1,2,2,4,0,1
2,3,3,4,1,2,2,5,0,1
2,3,3,4,3,2,2,3,1,1
2,3,3,5,1,2,1,3,1,2
2,3,3,5,1,2,2,4,1,1
2,3,3,5,1,2,2,5,1,1
2,3,3,6,1,2,2,2,0,1
2,3,3,6,3,2,1,3,1,1
2,3,3,6,5,2,2,5,0,1
2,3,4,1,1,2,1,3,1,3
2,3,4,1,1,2,1,5,0,1
2,3,4,1,1,2,2,3,0,1
2,3,4,1,1,2,2,5,0,1
2,3,4,1,1,3,2,3,0,1
2,3,4,1,2,2,2,3,1,1
2,3,4,1,2,2,2,4,1,3
2,3,4,1,3,2,1,3,0,1
2,3,4,1,3,2,2,3,0,2
2,3,4,1,3,2,2,4,1,1
2,3,4,1,4,2,1,6,0,1
2,3,4,1,4,3,1,4,1,1
2,3,4,1,5,2,1,3,1,1
2,3,4,1,5,2,1,4,2,2
2,3,4,1,5,2,2,4,1,2
2,3,4,2,1,2,1,2,0,1
2,3,4,2,1,2,1,3,1,2
2,3,4,2,1,2,1,4,4,4
2,3,4,2,1,2,1,5,2,2
2,3,4,2,1,2,2,3,6,11
2,3,4,2,1,2,2,4,3,8
2,3,4,2,1,2,2,5,1,5
2,3,4,2,1,2,2,6,0,2
2,3,4,2,1,3,1,4,0,1
2,3,4,2,2,2,2,3,0,1
2,3,4,2,2,2,2,4,0,1
2,3,4,2,3,2,1,2,0,1
2,3,4,2,3,2,1,3,0,1
2,3,4,2,3,2,1,4,3,3
2,3,4,2,3,2,1,5,2,2
2,3,4,2,3,2,2,2,1,1
2,3,4,2,3,2,2,3,0,1
2,3,4,2,3,2,2,4,0,1
2,3,4,2,4,2,2,5,0,1
2,3,4,2,5,2,1,1,0,1
2,3,4,2,5,2,1,2,0,1
2,3,4,2,5,2,2,3,0,2
2,3,4,2,5,2,2,4,1,1
2,3,4,2,5,4,2,5,0,1
2,3,4,3,1,2,1,2,0,1
2,3,4,3,1,2,1,3,0,1
2,3,4,3,1,2,1,4,4,4
2,3,4,3,1,2,1,5,1,1
2,3,4,3,1,2,2,2,0,1
2,3,4,3,1,2,2,3,5,8
2,3,4,3,1,2,2,4,0,3
2,3,4,3,1,2,2,5,3,4
2,3,4,3,1,3,2,4,0,1
2,3,4,3,1,4,1,2,0,1
2,3,4,3,2,2,2,5,1,1
2,3,4,3,3,2,1,4,0,2
2,3,4,3,3,2,1,5,2,2
2,3,4,3,3,4,1,2,0,1
2,3,4,3,5,2,1,3,1,1
2,3,4,3,5,2,2,3,1,1
2,3,4,3,5,2,2,4,1,1
2,3,4,4,1,2,1,3,0,1
2,3,4,4,1,2,1,4,3,4
2,3,4,4,1,2,2,1,0,1
2,3,4,4,1,2,2,2,0,1
2,3,4,4,1,2,2,4,1,3
2,3,4,4,1,4,1,4,1,1
2,3,4,4,1,4,2,4,0,1
2,3,4,4,2,2,1,2,1,1
2,3,4,4,3,1,1,4,1,1
2,3,4,5,1,1,1,4,1,1
2,3,4,5,1,2,1,4,2,2
2,3,4,5,1,2,1,5,0,1
2,3,4,5,1,2,2,4,0,1
2,3,4,5,1,3,1,3,0,1
2,3,4,5,5,2,2,3,0,1
2,3,4,6,1,1,1,2,0,1
2,3,4,6,1,2,1,4,2,2
2,3,4,6,1,2,1,5,1,1
2,3,4,6,1,2,2,3,0,1
2,3,4,6,5,2,1,5,1,1
2,3,5,1,2,2,1,3,1,1
2,3,5,1,2,2,1,4,0,1
2,3,5,1,2,2,1,5,1,1
2,3,5,1,2,2,2,1,0,1
2,3,5,1,2,2,2,3,0,1
2,3,5,1,2,2,2,4,1,3
2,3,5,1,2,2,2,5,1,3
2,3,5,1,3,2,1,4,1,1
2,3,5,1,3,2,1,5,1,1
2,3,5,1,3,2,2,1,0,1
2,3,5,1,3,2,2,3,0,3
2,3,5,1,3,2,2,5,1,1
2,3,5,1,3,2,2,6,0,1
2,3,5,1,3,3,2,6,0,1
2,3,5,1,5,2,2,4,0,1
2,3,5,1,5,2,2,6,0,1
2,3,5,2,1,1,1,5,1,1
2,3,5,2,1,2,1,2,0,1
2,3,5,2,1,2,1,3,5,8
2,3,5,2,1,2,1,4,8,8
2,3,5,2,1,2,1,5,2,2
2,3,5,2,1,2,2,2,1,4
2,3,5,2,1,2,2,3,3,12
2,3,5,2,1,2,2,4,5,10
2,3,5,2,1,2,2,5,2,4
2,3,5,2,1,2,2,6,0,3
2,3,5,2,1,4,2,3,0,1
2,3,5,2,2,1,2,5,1,1
2,3,5,2,2,2,1,4,1,3
2,3,5,2,2,2,2,1,0,1
2,3,5,2,2,2,2,2,1,3
2,3,5,2,2,2,2,3,0,4
2,3,5,2,2,2,2,4,4,6
2,3,5,2,2,2,2,5,2,3
2,3,5,2,2,2,2,6,0,1
2,3,5,2,3,1,1,4,1,1
2,3,5,2,3,2,1,1,0,1
2,3,5,2,3,2,1,3,0,1
2,3,5,2,3,2,1,4,1,2
2,3,5,2,3,2,1,5,1,1
2,3,5,2,3,2,2,3,1,3
2,3,5,2,3,2,2,4,1,1
2,3,5,2,3,4,2,2,0,1
2,3,5,2,3,4,2,5,0,1
2,3,5,2,4,2,2,3,1,1
2,3,5,2,5,2,1,1,0,1
2,3,5,2,5,2,1,2,0,2
2,3,5,2,5,2,1,3,0,1
2,3,5,2,5,2,1,4,1,1
2,3,5,2,5,2,1,5,0,2
2,3,5,3,1,1,1,5,0,1
2,3,5,3,1,2,1,2,0,1
2,3,5,3,1,2,1,3,1,2
2,3,5,3,1,2,1,4,6,6
2,3,5,3,1,2,1,5,1,1
2,3,5,3,1,2,2,2,1,2
2,3,5,3,1,2,2,3,2,2
2,3,5,3,1,2,2,4,3,4
2,3,5,3,1,2,2,5,1,2
2,3,5,3,1,2,2,6,0,1
2,3,5,3,1,3,1,2,0,1
2,3,5,3,1,4,1,2,0,1
2,3,5,3,2,2,2,2,0,1
2,3,5,3,2,2,2,3,2,2
2,3,5,3,5,2,1,2,0,1
2,3,5,3,5,2,1,4,1,1
2,3,5,3,5,2,1,5,1,1
2,3,5,3,5,2,2,3,0,1
2,3,5,4,1,2,1,3,0,1
2,3,5,4,1,2,1,4,1,1
2,3,5,4,1,4,2,4,1,1
2,3,5,5,1,2,1,1,0,1
2,3,5,5,1,2,1,3,0,1
2,3,5,5,1,2,2,2,1,1
2,3,5,5,1,2,2,3,1,1
2,3,5,5,2,2,1,3,0,1
2,3,5,5,2,2,2,5,1,1
2,3,5,5,3,2,1,2,0,1
2,3,5,6,1,2,1,2,1,2
2,3,5,6,1,2,1,3,1,2
2,3,5,6,1,2,1,4,2,2
2,3,5,6,1,2,1,5,1,1
2,3,5,6,1,2,2,3,0,2
2,3,5,6,1,2,2,4,0,2
2,3,5,6,1,2,2,5,1,1
2,3,5,6,2,2,1,3,0,1
2,3,5,6,2,2,2,1,0,1
2,3,5,6,2,2,2,3,0,1
2,3,5,6,2,2,2,4,2,3
2,3,5,6,2,2,2,5,0,1
2,3,5,6,3,2,1,5,1,1
2,3,5,6,3,2,2,3,2,2
3,1,1,1,5,2,2,1,0,1
3,1,1,1,5,3,1,3,1,1
3,1,1,2,1,2,2,5,0,1
3,1,1,2,3,2,1,5,0,1
3,1,1,2,5,5,1,3,1,1
3,1,1,4,5,3,2,3,0,1
3,1,1,5,5,2,2,6,0,1
3,1,1,6,1,3,2,1,0,1
3,1,1,6,1,4,1,3,1,1
3,1,1,6,5,2,2,2,0,1
3,1,2,1,3,2,2,4,0,1
3,1,2,1,3,4,2,6,0,1
3,1,2,1,5,2,1,3,0,1
3,1,2,1,5,3,2,1,0,1
3,1,2,1,5,4,1,4,0,1
3,1,2,2,1,2,2,2,0,1
3,1,2,2,1,3,2,3,0,1
3,1,2,2,3,3,2,1,0,1
3,1,2,2,5,1,2,1,0,1
3,1,2,2,5,2,1,1,0,1
3,1,2,2,5,2,1,3,0,1
3,1,2,2,5,2,2,3,0,1
3,1,2,2,5,3,1,3,0,1
3,1,2,2,5,3,2,2,0,1
3,1,2,2,5,3,2,3,0,1
3,1,2,3,1,1,2,6,1,1
3,1,2,3,1,2,1,2,0,1
3,1,2,3,1,2,2,1,0,1
3,1,2,3,1,2,2,3,1,1
3,1,2,3,1,4,1,3,1,1
3,1,2,3,1,4,2,2,0,1
3,1,2,3,1,4,2,5,0,1
3,1,2,3,5,2,1,4,1,1
3,1,2,3,5,2,2,2,0,1
3,1,2,5,1,2,2,1,0,1
3,1,2,5,1,3,1,2,0,1
3,1,2,5,1,4,1,4,1,1
3,1,2,6,5,3,2,6,0,1
3,1,2,6,5,4,1,4,0,1
3,1,2,6,5,4,2,2,0,1
3,1,3,1,1,2,2,1,0,1
3,1,3,1,1,5,2,3,0,1
3,1,3,1,5,2,1,1,0,1
3,1,3,1,5,3,1,1,0,1
3,1,3,1,5,3,1,3,0,1
3,1,3,1,5,3,2,6,0,1
3,1,3,1,5,4,1,2,0,1
3,1,3,2,1,1,1,3,1,1
3,1,3,2,1,1,2,2,0,1
3,1,3,2,1,2,1,2,0,1
3,1,3,2,1,2,1,3,2,2
3,1,3,2,1,2,1,4,2,2
3,1,3,2,1,2,2,3,1,2
3,1,3,2,1,2,2,4,0,1
3,1,3,2,1,3,2,3,0,1
3,1,3,2,2,2,1,4,1,1
3,1,3,2,3,1,2,2,0,1
3,1,3,2,3,2,2,4,1,1
3,1,3,2,5,2,1,2,0,1
3,1,3,2,5,2,1,4,1,1
3,1,3,2,5,2,2,2,0,1
3,1,3,2,5,2,2,3,0,1
3,1,3,2,5,4,1,4,0,1
3,1,3,3,1,1,2,4,1,1
3,1,3,3,1,2,1,3,1,1
3,1,3,3,1,2,1,4,1,1
3,1,3,3,1,2,1,5,1,1
3,1,3,3,1,2,2,3,1,1
3,1,3,3,1,3,2,2,0,1
3,1,3,3,1,4,2,3,0,1
3,1,3,3,5,1,2,3,0,1
3,1,3,3,5,2,1,4,1,1
3,1,3,3,5,2,2,5,1,1
3,1,3,3,5,2,2,6,0,1
3,1,3,3,5,3,1,4,0,1
3,1,3,4,1,2,1,1,0,1
3,1,3,4,1,2,1,3,1,1
3,1,3,4,1,2,1,4,1,1
3,1,3,4,1,2,2,3,0,1
3,1,3,4,1,2,2,4,1,1
3,1,3,4,3,4,2,3,0,1
3,1,3,5,1,2,1,3,1,3
3,1,3,5,1,2,1,4,1,1
3,1,3,5,1,2,2,3,0,1
3,1,3,5,1,2,2,4,0,1
3,1,3,5,1,2,2,5,1,1
3,1,3,5,1,3,2,3,0,2
3,1,3,5,1,4,1,3,1,1
3,1,3,5,3,1,1,3,1,1
3,1,3,5,3,2,1,3,0,1
3,1,3,5,5,2,2,3,1,1
3,1,3,6,1,5,2,1,0,1
3,1,3,6,5,2,1,3,1,1
3,1,3,6,5,2,1,4,1,1
3,1,3,6,5,2,2,4,1,1
3,1,3,6,5,4,2,6,0,1
3,1,4,1,1,3,1,1,0,1
3,1,4,1,1,3,2,3,0,2
3,1,4,1,2,1,2,3,0,1
3,1,4,1,2,3,1,2,0,1
3,1,4,1,3,1,2,4,0,1
3,1,4,1,3,2,2,3,0,1
3,1,4,1,4,4,2,3,0,1
3,1,4,1,5,1,2,3,0,1
3,1,4,1,5,2,1,3,1,1
3,1,4,2,1,1,2,2,0,1
3,1,4,2,1,2,1,3,1,1
3,1,4,2,1,2,1,4,2,2
3,1,4,2,1,2,1,5,1,1
3,1,4,2,1,2,2,3,5,7
3,1,4,2,1,2,2,6,1,1
3,1,4,2,2,1,2,3,1,1
3,1,4,2,2,2,1,3,0,1
3,1,4,2,2,2,2,2,0,2
3,1,4,2,3,1,2,2,0,1
3,1,4,2,3,2,1,3,1,2
3,1,4,2,3,2,2,1,0,1
3,1,4,2,3,2,2,2,0,1
3,1,4,2,3,4,1,4,1,1
3,1,4,2,3,4,2,2,0,1
3,1,4,2,5,2,1,3,0,1
3,1,4,2,5,2,1,5,0,1
3,1,4,2,5,2,2,2,0,1
3,1,4,2,5,2,2,3,1,3
3,1,4,2,5,2,2,4,0,1
3,1,4,2,5,3,2,3,0,1
3,1,4,2,5,4,1,2,0,1
3,1,4,2,5,4,1,3,0,1
3,1,4,2,5,4,2,3,0,1
3,1,4,2,5,4,2,4,0,1
3,1,4,3,1,2,1,2,1,1
3,1,4,3,1,2,1,3,0,1
3,1,4,3,1,2,1,4,4,4
3,1,4,3,1,2,1,5,1,1
3,1,4,3,1,2,2,2,0,1
3,1,4,3,1,2,2,3,1,1
3,1,4,3,1,4,1,3,2,2
3,1,4,3,1,4,1,4,0,1
3,1,4,3,2,2,2,5,0,1
3,1,4,3,3,2,1,5,1,1
3,1,4,3,3,2,2,2,1,1
3,1,4,3,3,3,2,3,0,1
3,1,4,3,3,4,2,1,0,1
3,1,4,3,4,4,2,3,0,1
3,1,4,3,5,2,1,3,1,1
3,1,4,4,1,2,1,3,0,1
3,1,4,4,1,2,1,4,1,1
3,1,4,4,1,2,2,2,0,1
3,1,4,4,1,2,2,3,0,1
3,1,4,4,1,2,2,4,1,1
3,1,4,4,1,3,2,3,0,1
3,1,4,4,1,3,2,4,1,1
3,1,4,4,1,4,1,4,1,1
3,1,4,4,1,4,2,5,1,1
3,1,4,4,5,2,2,5,1,1
3,1,4,4,5,3,2,2,0,1
3,1,4,4,5,4,1,2,0,1
3,1,4,5,1,1,1,5,1,1
3,1,4,5,1,2,1,3,1,1
3,1,4,5,1,2,1,4,1,1
3,1,4,5,1,2,1,5,3,3
3,1,4,5,1,2,2,3,0,2
3,1,4,5,1,2,2,5,1,1
3,1,4,5,1,3,1,3,0,1
3,1,4,5,1,4,1,2,0,1
3,1,4,5,3,2,1,5,1,1
3,1,4,5,3,3,1,3,0,1
3,1,4,5,5,2,1,3,1,1
3,1,4,6,1,2,1,2,0,1
3,1,4,6,1,2,1,5,1,1
3,1,4,6,1,2,2,2,0,1
3,1,4,6,1,3,1,3,0,1
3,1,4,6,1,4,1,2,0,1
3,1,4,6,1,4,1,4,1,1
3,1,4,6,1,4,2,4,0,1
3,1,4,6,5,2,1,2,0,1
3,1,5,1,1,3,1,2,0,1
3,1,5,1,1,3,2,3,0,1
3,1,5,1,1,4,1,2,0,1
3,1,5,1,3,2,1,3,0,1
3,1,5,1,3,2,2,4,1,1
3,1,5,1,3,3,2,2,0,1
3,1,5,1,4,2,2,5,1,1
3,1,5,1,5,2,1,1,0,1
3,1,5,1,5,3,2,3,0,1
3,1,5,2,1,2,1,1,0,2
3,1,5,2,1,2,1,3,2,3
3,1,5,2,1,2,1,4,1,1
3,1,5,2,1,2,2,2,1,1
3,1,5,2,1,2,2,3,0,1
3,1,5,2,1,2,2,4,2,3
3,1,5,2,1,3,2,3,1,2
3,1,5,2,1,4,1,4,1,1
3,1,5,2,1,4,2,3,0,1
3,1,5,2,2,2,1,3,0,1
3,1,5,2,2,2,2,3,0,1
3,1,5,2,2,2,2,5,0,1
3,1,5,2,2,3,2,3,0,2
3,1,5,2,2,4,2,4,0,1
3,1,5,2,3,2,1,2,0,1
3,1,5,2,3,2,1,3,0,1
3,1,5,2,3,2,1,4,2,2
3,1,5,2,3,2,2,3,0,1
3,1,5,2,3,2,2,4,1,1
3,1,5,2,3,3,1,5,1,1
3,1,5,2,3,3,2,2,0,1
3,1,5,2,5,2,1,2,0,1
3,1,5,2,5,2,2,2,0,1
3,1,5,2,5,2,2,5,1,1
3,1,5,2,5,3,2,2,0,1
3,1,5,3,1,1,1,3,0,1
3,1,5,3,1,2,1,2,1,2
3,1,5,3,1,2,1,3,3,4
3,1,5,3,1,2,1,4,1,1
3,1,5,3,1,2,1,5,1,2
3,1,5,3,1,2,2,3,0,1
3,1,5,3,1,2,2,4,2,3
3,1,5,3,1,3,1,3,0,1
3,1,5,3,1,3,2,4,0,1
3,1,5,3,1,4,1,2,0,1
3,1,5,3,1,4,1,3,1,1
3,1,5,3,1,4,2,4,0,1
3,1,5,3,2,2,2,3,0,1
3,1,5,3,2,3,2,1,0,1
3,1,5,3,2,3,2,3,0,1
3,1,5,3,3,2,2,2,1,1
3,1,5,3,3,3,1,2,0,1
3,1,5,3,5,2,2,2,0,1
3,1,5,4,1,2,1,6,1,1
3,1,5,4,1,2,2,2,0,1
3,1,5,4,1,2,2,6,1,1
3,1,5,4,1,3,2,3,0,1
3,1,5,4,3,2,2,2,0,1
3,1,5,4,4,4,1,3,0,1
3,1,5,5,1,2,1,5,1,1
3,1,5,5,1,2,2,3,0,2
3,1,5,5,5,2,1,2,0,2
3,1,5,6,1,1,1,3,0,1
3,1,5,6,1,1,1,5,1,1
3,1,5,6,1,2,1,2,0,1
3,1,5,6,1,2,1,3,1,2
3,1,5,6,1,2,1,5,1,1
3,1,5,6,1,2,2,6,0,1
3,1,5,6,1,4,1,4,1,1
3,1,5,6,2,2,1,4,1,1
3,1,5,6,2,2,2,2,0,1
3,1,5,6,2,3,2,3,0,1
3,1,5,6,5,3,2,6,0,1
3,2,1,1,1,2,2,6,0,1
3,2,1,1,3,2,2,2,0,1
3,2,1,1,5,2,2,1,0,1
3,2,1,1,5,2,2,3,0,1
3,2,1,1,5,4,2,1,0,1
3,2,1,1,5,5,2,4,0,1
3,2,1,2,1,2,1,2,0,1
3,2,1,2,1,2,2,2,1,1
3,2,1,2,1,3,2,3,0,1
3,2,1,2,5,2,1,2,1,3
3,2,1,2,5,2,2,5,0,1
3,2,1,2,5,4,2,6,0,1
3,2,1,3,1,2,1,5,1,1
3,2,1,3,1,2,2,3,0,1
3,2,1,3,1,2,2,4,1,1
3,2,1,3,4,2,1,3,0,1
3,2,1,3,5,1,2,1,0,1
3,2,1,3,5,3,2,2,1,1
3,2,1,5,5,2,1,4,1,1
3,2,1,6,5,1,1,3,0,1
3,2,1,6,5,1,1,4,1,1
3,2,1,6,5,2,1,3,1,1
3,2,1,6,5,2,2,2,0,2
3,2,1,6,5,2,2,5,0,1
3,2,1,6,5,2,2,6,0,1
3,2,1,6,5,4,2,3,0,1
3,2,1,6,5,5,2,1,0,1
3,2,2,1,1,1,2,1,0,1
3,2,2,1,1,1,2,4,1,1
3,2,2,1,1,2,2,3,1,1
3,2,2,1,1,5,2,5,0,1
3,2,2,1,3,2,1,5,1,1
3,2,2,1,3,2,2,1,1,2
3,2,2,1,3,2,2,3,0,1
3,2,2,1,3,2,2,4,0,1
3,2,2,1,4,2,2,4,0,1
3,2,2,1,5,1,1,2,0,1
3,2,2,1,5,2,1,3,1,3
3,2,2,1,5,2,1,4,1,1
3,2,2,1,5,2,2,1,0,1
3,2,2,1,5,2,2,2,1,1
3,2,2,1,5,2,2,3,1,1
3,2,2,1,5,3,1,1,0,1
3,2,2,1,5,3,2,3,0,1
3,2,2,1,5,4,1,5,0,1
3,2,2,2,1,2,1,2,1,1
3,2,2,2,1,2,1,3,1,2
3,2,2,2,1,2,1,4,1,1
3,2,2,2,1,2,1,5,2,2
3,2,2,2,1,2,2,1,0,2
3,2,2,2,1,2,2,2,0,4
3,2,2,2,1,2,2,3,3,4
3,2,2,2,1,2,2,4,2,2
3,2,2,2,1,2,2,5,1,2
3,2,2,2,1,2,2,6,0,1
3,2,2,2,1,3,2,3,0,1
3,2,2,2,1,3,2,5,1,1
3,2,2,2,1,4,2,3,1,1
3,2,2,2,1,4,2,5,1,1
3,2,2,2,1,5,2,2,0,1
3,2,2,2,2,2,1,4,1,1
3,2,2,2,3,1,2,1,0,1
3,2,2,2,3,2,1,3,0,1
3,2,2,2,3,2,2,2,0,1
3,2,2,2,3,2,2,3,0,1
3,2,2,2,3,2,2,5,0,2
3,2,2,2,3,4,2,2,0,1
3,2,2,2,3,4,2,4,1,1
3,2,2,2,3,5,1,4,0,1
3,2,2,2,4,2,1,5,1,1
3,2,2,2,5,1,1,2,0,1
3,2,2,2,5,2,1,1,0,3
3,2,2,2,5,2,1,3,2,3
3,2,2,2,5,2,1,4,2,2
3,2,2,2,5,2,1,5,1,2
3,2,2,2,5,2,2,1,0,1
3,2,2,2,5,2,2,2,0,3
3,2,2,2,5,2,2,3,2,3
3,2,2,2,5,2,2,4,1,3
3,2,2,2,5,2,2,5,1,1
3,2,2,2,5,3,1,3,0,2
3,2,2,2,5,3,2,1,0,1
3,2,2,2,5,3,2,3,0,2
3,2,2,2,5,3,2,4,0,2
3,2,2,2,5,3,2,6,0,2
3,2,2,2,5,4,2,1,1,1
3,2,2,3,1,1,2,2,0,3
3,2,2,3,1,2,1,2,1,1
3,2,2,3,1,2,1,3,1,2
3,2,2,3,1,2,1,4,2,2
3,2,2,3,1,2,1,5,2,2
3,2,2,3,1,2,2,1,0,1
3,2,2,3,1,2,2,2,2,3
3,2,2,3,1,2,2,3,4,7
3,2,2,3,1,2,2,4,1,1
3,2,2,3,1,2,2,5,2,2
3,2,2,3,1,3,1,3,0,1
3,2,2,3,1,3,2,3,0,1
3,2,2,3,1,4,1,1,0,1
3,2,2,3,1,4,1,4,1,1
3,2,2,3,1,5,1,6,0,1
3,2,2,3,1,5,2,1,1,1
3,2,2,3,1,5,2,2,0,1
3,2,2,3,1,5,2,3,0,1
3,2,2,3,3,1,1,2,0,1
3,2,2,3,3,2,2,4,0,2
3,2,2,3,4,2,2,1,0,1
3,2,2,3,5,2,1,1,1,1
3,2,2,3,5,2,1,2,3,5
3,2,2,3,5,2,1,3,2,3
3,2,2,3,5,2,1,4,1,1
3,2,2,3,5,2,2,2,0,1
3,2,2,3,5,2,2,3,0,3
3,2,2,3,5,2,2,4,2,2
3,2,2,3,5,3,2,1,0,1
3,2,2,3,5,3,2,2,0,1
3,2,2,3,5,5,1,2,0,1
3,2,2,4,1,2,1,1,0,3
3,2,2,4,1,2,1,2,0,1
3,2,2,4,1,2,1,3,2,2
3,2,2,4,1,2,2,2,0,1
3,2,2,4,1,2,2,3,1,3
3,2,2,4,1,2,2,4,2,4
3,2,2,4,1,2,2,6,0,1
3,2,2,4,1,3,1,5,0,1
3,2,2,4,1,4,2,4,0,1
3,2,2,4,4,2,2,4,0,1
3,2,2,4,5,1,1,2,1,1
3,2,2,4,5,2,2,5,1,1
3,2,2,5,1,1,1,1,0,2
3,2,2,5,1,2,1,1,1,1
3,2,2,5,1,2,1,2,0,2
3,2,2,5,1,2,1,3,0,1
3,2,2,5,1,2,1,4,2,2
3,2,2,5,1,2,1,5,1,1
3,2,2,5,1,2,2,1,0,2
3,2,2,5,1,2,2,2,0,4
3,2,2,5,1,2,2,3,2,2
3,2,2,5,1,2,2,4,1,1
3,2,2,5,1,2,2,5,2,3
3,2,2,5,1,3,1,3,0,1
3,2,2,5,3,1,1,4,1,1
3,2,2,5,3,2,1,1,0,1
3,2,2,5,5,2,1,1,0,1
3,2,2,5,5,2,1,3,1,1
3,2,2,5,5,2,1,5,1,1
3,2,2,5,5,3,2,4,0,1
3,2,2,6,1,2,1,4,1,1
3,2,2,6,1,2,1,5,1,1
3,2,2,6,1,2,2,4,0,1
3,2,2,6,1,4,1,5,1,1
3,2,2,6,2,2,2,4,1,1
3,2,2,6,3,2,2,1,0,2
3,2,2,6,5,2,1,2,0,1
3,2,2,6,5,2,1,3,1,1
3,2,2,6,5,2,1,4,1,1
3,2,2,6,5,2,1,5,1,1
3,2,2,6,5,2,2,1,0,1
3,2,2,6,5,2,2,5,1,1
3,2,2,6,5,3,2,6,0,1
3,2,3,1,1,2,1,2,0,1
3,2,3,1,1,2,1,4,1,1
3,2,3,1,1,2,2,1,0,1
3,2,3,1,1,2,2,2,0,1
3,2,3,1,1,2,2,3,1,1
3,2,3,1,1,2,2,4,0,1
3,2,3,1,1,2,2,5,0,1
3,2,3,1,2,1,1,1,0,1
3,2,3,1,3,2,1,3,1,1
3,2,3,1,3,2,1,4,2,2
3,2,3,1,3,2,2,4,3,3
3,2,3,1,3,2,2,5,1,1
3,2,3,1,3,2,2,6,0,1
3,2,3,1,3,3,2,4,0,1
3,2,3,1,3,5,1,6,0,1
3,2,3,1,4,2,2,1,0,1
3,2,3,1,4,2,2,3,1,2
3,2,3,1,5,1,1,3,1,1
3,2,3,1,5,2,1,1,1,2
3,2,3,1,5,2,1,3,2,4
3,2,3,1,5,2,1,5,1,1
3,2,3,1,5,2,1,6,0,1
3,2,3,1,5,2,2,1,0,4
3,2,3,1,5,2,2,3,1,3
3,2,3,1,5,2,2,4,1,1
3,2,3,1,5,3,1,1,0,1
3,2,3,1,5,3,2,2,0,1
3,2,3,1,5,3,2,3,0,1
3,2,3,1,5,4,2,3,0,1
3,2,3,1,5,5,2,3,0,1
3,2,3,2,1,1,2,1,0,1
3,2,3,2,1,2,1,1,0,2
3,2,3,2,1,2,1,3,4,5
3,2,3,2,1,2,1,4,1,3
3,2,3,2,1,2,1,5,3,3
3,2,3,2,1,2,2,1,1,4
3,2,3,2,1,2,2,2,0,1
3,2,3,2,1,2,2,3,2,8
3,2,3,2,1,2,2,4,2,3
3,2,3,2,1,2,2,5,1,2
3,2,3,2,1,2,2,6,0,1
3,2,3,2,1,3,1,3,0,1
3,2,3,2,1,3,2,4,0,1
3,2,3,2,1,3,2,5,0,2
3,2,3,2,1,4,1,4,1,1
3,2,3,2,1,4,2,3,1,1
3,2,3,2,1,4,2,4,0,1
3,2,3,2,1,4,2,6,0,1
3,2,3,2,1,5,1,1,0,2
3,2,3,2,1,5,2,6,0,1
3,2,3,2,2,2,2,1,0,1
3,2,3,2,2,2,2,3,1,1
3,2,3,2,2,2,2,4,0,1
3,2,3,2,2,2,2,5,0,1
3,2,3,2,2,2,2,6,0,1
3,2,3,2,3,1,1,3,1,1
3,2,3,2,3,1,2,4,0,1
3,2,3,2,3,2,1,2,1,1
3,2,3,2,3,2,1,3,2,2
3,2,3,2,3,2,1,4,1,3
3,2,3,2,3,2,1,5,1,1
3,2,3,2,3,2,2,1,0,1
3,2,3,2,3,2,2,2,0,1
3,2,3,2,3,2,2,3,3,6
3,2,3,2,3,2,2,4,2,2
3,2,3,2,3,2,2,5,1,1
3,2,3,2,3,2,2,6,1,1
3,2,3,2,3,3,2,2,0,2
3,2,3,2,3,3,2,6,0,1
3,2,3,2,3,4,1,3,1,1
3,2,3,2,4,2,1,5,1,1
3,2,3,2,4,2,2,3,0,2
3,2,3,2,4,3,1,4,0,1
3,2,3,2,4,4,2,3,0,1
3,2,3,2,5,1,2,2,0,1
3,2,3,2,5,2,1,1,0,1
3,2,3,2,5,2,1,2,0,3
3,2,3,2,5,2,1,3,2,3
3,2,3,2,5,2,1,4,1,2
3,2,3,2,5,2,1,5,1,1
3,2,3,2,5,2,2,1,0,1
3,2,3,2,5,2,2,2,0,2
3,2,3,2,5,2,2,3,2,5
3,2,3,2,5,2,2,4,1,1
3,2,3,2,5,2,2,5,0,1
3,2,3,2,5,3,1,1,0,1
3,2,3,2,5,3,2,2,0,1
3,2,3,2,5,3,2,3,0,2
3,2,3,2,5,3,2,4,0,1
3,2,3,3,1,1,1,1,0,1
3,2,3,3,1,1,1,3,1,1
3,2,3,3,1,1,1,4,1,1
3,2,3,3,1,1,1,5,1,1
3,2,3,3,1,2,1,1,0,1
3,2,3,3,1,2,1,2,0,1
3,2,3,3,1,2,1,3,4,8
3,2,3,3,1,2,1,4,12,12
3,2,3,3,1,2,1,5,6,6
3,2,3,3,1,2,2,1,1,4
3,2,3,3,1,2,2,2,0,2
3,2,3,3,1,2,2,3,5,9
3,2,3,3,1,2,2,4,6,7
3,2,3,3,1,2,2,5,1,2
3,2,3,3,1,3,1,1,0,1
3,2,3,3,1,3,1,3,0,3
3,2,3,3,1,3,1,4,0,1
3,2,3,3,1,3,2,1,0,1
3,2,3,3,1,3,2,4,0,1
3,2,3,3,1,4,1,1,0,1
3,2,3,3,1,4,1,2,0,1
3,2,3,3,1,4,1,3,1,1
3,2,3,3,1,4,2,3,0,1
3,2,3,3,1,4,2,4,1,2
3,2,3,3,2,2,1,3,1,1
3,2,3,3,2,2,2,3,0,1
3,2,3,3,2,4,1,5,1,1
3,2,3,3,2,4,2,5,1,1
3,2,3,3,3,2,1,1,0,1
3,2,3,3,3,2,1,3,1,1
3,2,3,3,3,2,1,4,2,3
3,2,3,3,3,2,1,5,1,1
3,2,3,3,3,2,2,2,1,2
3,2,3,3,3,2,2,3,1,2
3,2,3,3,3,2,2,4,1,1
3,2,3,3,4,1,1,3,1,1
3,2,3,3,5,2,1,2,0,3
3,2,3,3,5,2,1,3,5,6
3,2,3,3,5,2,1,4,3,5
3,2,3,3,5,2,1,5,1,1
3,2,3,3,5,2,1,6,1,1
3,2,3,3,5,2,2,2,1,1
3,2,3,3,5,2,2,3,0,2
3,2,3,3,5,2,2,4,0,1
3,2,3,3,5,2,2,5,1,1
3,2,3,3,5,3,1,4,1,1
3,2,3,3,5,3,1,5,1,1
3,2,3,3,5,3,2,2,0,1
3,2,3,3,5,3,2,3,0,1
3,2,3,4,1,1,2,4,2,2
3,2,3,4,1,2,1,2,0,4
3,2,3,4,1,2,1,3,1,3
3,2,3,4,1,2,1,4,4,5
3,2,3,4,1,2,1,5,3,3
3,2,3,4,1,2,2,2,1,1
3,2,3,4,1,2,2,3,0,3
3,2,3,4,1,2,2,4,2,2
3,2,3,4,1,3,2,4,1,1
3,2,3,4,1,4,1,3,0,1
3,2,3,4,1,4,2,3,0,2
3,2,3,4,1,5,2,4,1,1
3,2,3,4,3,1,2,3,1,1
3,2,3,4,3,2,1,2,1,2
3,2,3,4,3,3,2,1,0,1
3,2,3,4,5,2,2,3,1,1
3,2,3,4,5,2,2,6,1,1
3,2,3,4,5,3,1,1,0,1
3,2,3,4,5,4,1,3,1,1
3,2,3,4,5,5,1,3,0,1
3,2,3,5,1,1,1,2,0,1
3,2,3,5,1,1,1,4,1,1
3,2,3,5,1,1,1,5,2,2
3,2,3,5,1,1,2,3,1,1
3,2,3,5,1,2,1,1,0,3
3,2,3,5,1,2,1,2,1,7
3,2,3,5,1,2,1,3,3,9
3,2,3,5,1,2,1,4,19,20
3,2,3,5,1,2,1,5,9,9
3,2,3,5,1,2,2,1,0,4
3,2,3,5,1,2,2,2,2,4
3,2,3,5,1,2,2,3,5,9
3,2,3,5,1,2,2,4,5,5
3,2,3,5,1,2,2,5,0,1
3,2,3,5,1,3,1,2,0,2
3,2,3,5,1,3,1,3,0,3
3,2,3,5,1,3,1,4,0,1
3,2,3,5,1,3,2,2,0,1
3,2,3,5,1,4,1,3,1,2
3,2,3,5,1,4,1,4,0,1
3,2,3,5,3,2,1,1,0,1
3,2,3,5,3,2,1,2,1,1
3,2,3,5,3,2,2,2,0,2
3,2,3,5,3,2,2,4,1,1
3,2,3,5,3,3,2,6,0,1
3,2,3,5,4,1,1,2,1,1
3,2,3,5,4,1,2,3,0,1
3,2,3,5,5,2,1,2,0,2
3,2,3,5,5,2,1,3,0,3
3,2,3,5,5,2,2,3,0,2
3,2,3,5,5,3,1,3,0,1
3,2,3,5,5,3,2,4,0,1
3,2,3,6,1,1,2,5,1,1
3,2,3,6,1,2,1,2,0,1
3,2,3,6,1,2,1,4,6,6
3,2,3,6,1,2,1,5,2,2
3,2,3,6,1,2,2,1,0,1
3,2,3,6,1,2,2,2,0,2
3,2,3,6,1,2,2,3,1,1
3,2,3,6,1,2,2,4,2,3
3,2,3,6,1,2,2,5,2,2
3,2,3,6,1,3,2,6,0,2
3,2,3,6,2,2,2,1,0,1
3,2,3,6,3,2,2,2,0,1
3,2,3,6,3,2,2,5,1,1
3,2,3,6,4,2,2,3,1,1
3,2,3,6,5,2,1,2,0,3
3,2,3,6,5,2,1,3,0,2
3,2,3,6,5,2,1,4,2,3
3,2,3,6,5,2,1,5,1,1
3,2,3,6,5,2,2,1,0,2
3,2,3,6,5,2,2,4,1,1
3,2,3,6,5,2,2,6,0,1
3,2,3,6,5,3,2,2,1,1
3,2,3,6,5,3,2,3,0,1
3,2,3,6,5,3,2,4,0,1
3,2,3,6,5,5,1,2,0,1
3,2,3,6,5,5,1,3,0,1
3,2,4,1,1,1,1,3,1,1
3,2,4,1,1,2,1,4,1,1
3,2,4,1,1,2,1,5,2,2
3,2,4,1,1,2,1,6,1,1
3,2,4,1,1,2,2,2,0,1
3,2,4,1,1,2,2,3,0,1
3,2,4,1,1,2,2,6,1,1
3,2,4,1,1,3,2,2,0,1
3,2,4,1,2,1,2,6,1,1
3,2,4,1,2,2,2,2,0,2
3,2,4,1,2,2,2,3,1,3
3,2,4,1,2,2,2,5,1,1
3,2,4,1,2,3,2,2,1,2
3,2,4,1,2,4,2,6,0,1
3,2,4,1,3,1,2,1,0,1
3,2,4,1,3,2,1,2,0,1
3,2,4,1,3,2,1,3,1,2
3,2,4,1,3,2,1,4,1,1
3,2,4,1,3,2,1,5,1,1
3,2,4,1,3,2,2,1,0,1
3,2,4,1,3,2,2,2,0,1
3,2,4,1,3,2,2,3,2,5
3,2,4,1,3,2,2,4,0,1
3,2,4,1,3,2,2,6,0,1
3,2,4,1,3,3,1,3,0,2
3,2,4,1,3,3,2,1,0,1
3,2,4,1,3,3,2,2,0,2
3,2,4,1,3,3,2,3,0,1
3,2,4,1,3,3,2,5,0,1
3,2,4,1,3,4,1,2,1,1
3,2,4,1,3,4,2,2,0,1
3,2,4,1,3,4,2,3,0,1
3,2,4,1,4,3,2,5,0,1
3,2,4,1,5,1,1,3,1,1
3,2,4,1,5,1,1,4,1,1
3,2,4,1,5,1,2,1,0,2
3,2,4,1,5,2,1,2,0,3
3,2,4,1,5,2,1,3,1,1
3,2,4,1,5,2,1,6,1,1
3,2,4,1,5,2,2,1,0,1
3,2,4,1,5,2,2,3,0,2
3,2,4,1,5,2,2,4,1,1
3,2,4,1,5,3,1,2,0,3
3,2,4,1,5,3,1,3,0,2
3,2,4,1,5,3,1,4,0,1
3,2,4,1,5,3,2,2,0,2
3,2,4,1,5,3,2,3,0,1
3,2,4,1,5,4,1,2,0,1
3,2,4,1,5,4,2,4,1,1
3,2,4,1,5,4,2,5,1,1
3,2,4,2,1,1,1,3,1,2
3,2,4,2,1,1,2,3,0,1
3,2,4,2,1,1,2,4,0,1
3,2,4,2,1,2,1,1,0,1
3,2,4,2,1,2,1,2,0,1
3,2,4,2,1,2,1,3,7,9
3,2,4,2,1,2,1,4,9,11
3,2,4,2,1,2,1,5,6,6
3,2,4,2,1,2,1,6,0,2
3,2,4,2,1,2,2,1,0,1
3,2,4,2,1,2,2,2,0,3
3,2,4,2,1,2,2,3,2,10
3,2,4,2,1,2,2,4,3,8
3,2,4,2,1,2,2,5,3,3
3,2,4,2,1,2,2,6,0,1
3,2,4,2,1,3,1,2,0,2
3,2,4,2,1,3,2,2,0,2
3,2,4,2,1,3,2,3,0,3
3,2,4,2,1,3,2,6,0,1
3,2,4,2,1,4,1,3,1,1
3,2,4,2,1,4,1,4,1,1
3,2,4,2,1,4,2,2,1,1
3,2,4,2,1,4,2,3,0,1
3,2,4,2,1,4,2,5,0,1
3,2,4,2,2,1,2,4,0,2
3,2,4,2,2,2,1,2,0,1
3,2,4,2,2,2,1,3,3,4
3,2,4,2,2,2,2,2,0,1
3,2,4,2,2,2,2,3,1,7
3,2,4,2,2,2,2,4,1,2
3,2,4,2,2,2,2,6,0,1
3,2,4,2,2,4,2,4,0,1
3,2,4,2,3,2,1,1,0,1
3,2,4,2,3,2,1,2,0,1
3,2,4,2,3,2,1,3,4,7
3,2,4,2,3,2,1,4,5,5
3,2,4,2,3,2,1,5,1,1
3,2,4,2,3,2,2,1,0,1
3,2,4,2,3,2,2,2,1,6
3,2,4,2,3,2,2,3,5,6
3,2,4,2,3,2,2,4,3,5
3,2,4,2,3,2,2,5,0,1
3,2,4,2,3,3,1,2,1,1
3,2,4,2,3,3,1,3,0,1
3,2,4,2,3,3,2,3,0,4
3,2,4,2,3,3,2,4,0,1
3,2,4,2,3,3,2,6,0,1
3,2,4,2,3,4,1,3,0,1
3,2,4,2,3,4,2,3,1,1
3,2,4,2,3,4,2,4,1,1
3,2,4,2,4,2,2,3,1,3
3,2,4,2,4,4,1,5,1,1
3,2,4,2,5,1,1,2,0,1
3,2,4,2,5,1,1,4,1,1
3,2,4,2,5,1,1,5,0,1
3,2,4,2,5,2,1,2,0,1
3,2,4,2,5,2,1,3,1,2
3,2,4,2,5,2,1,4,1,3
3,2,4,2,5,2,1,5,2,2
3,2,4,2,5,2,1,6,0,2
3,2,4,2,5,2,2,2,0,1
3,2,4,2,5,2,2,3,1,4
3,2,4,2,5,2,2,4,1,1
3,2,4,2,5,3,1,6,0,1
3,2,4,2,5,3,2,1,0,1
3,2,4,2,5,3,2,3,0,2
3,2,4,2,5,4,1,2,0,1
3,2,4,2,5,4,2,6,0,1
3,2,4,3,1,1,1,3,2,2
3,2,4,3,1,1,1,4,3,3
3,2,4,3,1,1,2,1,0,1
3,2,4,3,1,1,2,3,1,1
3,2,4,3,1,1,2,5,1,1
3,2,4,3,1,2,1,2,1,5
3,2,4,3,1,2,1,3,7,9
3,2,4,3,1,2,1,4,13,19
3,2,4,3,1,2,1,5,3,3
3,2,4,3,1,2,2,2,0,3
3,2,4,3,1,2,2,3,11,21
3,2,4,3,1,2,2,4,7,12
3,2,4,3,1,2,2,5,3,4
3,2,4,3,1,3,1,2,0,2
3,2,4,3,1,3,1,3,0,2
3,2,4,3,1,3,2,3,0,2
3,2,4,3,1,4,1,2,0,1
3,2,4,3,1,4,1,4,1,1
3,2,4,3,1,4,1,5,1,1
3,2,4,3,1,4,2,4,1,1
3,2,4,3,2,2,1,5,1,1
3,2,4,3,2,2,2,3,1,2
3,2,4,3,2,2,2,4,1,1
3,2,4,3,2,4,2,3,0,1
3,2,4,3,3,1,2,3,0,1
3,2,4,3,3,2,1,1,0,1
3,2,4,3,3,2,1,2,0,1
3,2,4,3,3,2,1,3,2,5
3,2,4,3,3,2,1,4,1,1
3,2,4,3,3,2,2,2,0,1
3,2,4,3,3,2,2,3,0,4
3,2,4,3,3,2,2,4,1,2
3,2,4,3,3,2,2,5,0,1
3,2,4,3,3,3,2,3,0,1
3,2,4,3,3,3,2,4,0,3
3,2,4,3,3,4,1,3,1,1
3,2,4,3,3,5,2,3,0,1
3,2,4,3,4,3,2,4,0,1
3,2,4,3,5,2,1,1,0,1
3,2,4,3,5,2,1,2,0,2
3,2,4,3,5,2,1,3,1,5
3,2,4,3,5,2,1,4,1,1
3,2,4,3,5,2,1,5,1,1
3,2,4,3,5,2,2,1,0,2
3,2,4,3,5,2,2,3,0,2
3,2,4,3,5,2,2,4,1,1
3,2,4,3,5,3,1,1,0,1
3,2,4,3,5,3,1,3,0,1
3,2,4,3,5,3,2,3,0,1
3,2,4,3,5,4,2,3,1,1
3,2,4,4,1,1,1,3,0,1
3,2,4,4,1,1,1,4,2,2
3,2,4,4,1,2,1,1,0,2
3,2,4,4,1,2,1,2,1,5
3,2,4,4,1,2,1,3,4,10
3,2,4,4,1,2,1,4,11,12
3,2,4,4,1,2,1,5,1,1
3,2,4,4,1,2,2,2,0,3
3,2,4,4,1,2,2,3,7,9
3,2,4,4,1,2,2,4,2,2
3,2,4,4,1,2,2,5,1,2
3,2,4,4,1,2,2,6,0,2
3,2,4,4,1,3,1,1,0,1
3,2,4,4,1,3,1,3,0,5
3,2,4,4,1,3,2,3,0,3
3,2,4,4,1,4,1,1,0,1
3,2,4,4,1,4,1,4,1,1
3,2,4,4,1,5,1,2,0,1
3,2,4,4,1,5,2,2,0,1
3,2,4,4,2,1,2,3,0,1
3,2,4,4,2,2,2,4,1,1
3,2,4,4,3,1,1,3,1,1
3,2,4,4,3,2,1,2,0,1
3,2,4,4,3,2,1,4,3,3
3,2,4,4,3,2,2,4,1,1
3,2,4,4,3,2,2,5,1,1
3,2,4,4,5,2,1,1,0,1
3,2,4,4,5,2,1,2,1,2
3,2,4,4,5,2,1,4,2,2
3,2,4,4,5,2,1,5,1,1
3,2,4,4,5,2,2,2,0,1
3,2,4,4,5,2,2,4,1,1
3,2,4,4,5,3,1,2,0,1
3,2,4,5,1,1,1,2,0,1
3,2,4,5,1,1,1,3,1,1
3,2,4,5,1,1,1,4,3,3
3,2,4,5,1,1,2,1,0,1
3,2,4,5,1,1,2,3,0,1
3,2,4,5,1,2,1,2,4,5
3,2,4,5,1,2,1,3,7,10
3,2,4,5,1,2,1,4,10,13
3,2,4,5,1,2,1,5,3,3
3,2,4,5,1,2,2,1,0,2
3,2,4,5,1,2,2,2,3,5
3,2,4,5,1,2,2,3,9,12
3,2,4,5,1,2,2,4,6,7
3,2,4,5,1,2,2,5,3,3
3,2,4,5,1,3,1,2,0,3
3,2,4,5,1,3,1,3,0,1
3,2,4,5,1,3,2,3,0,2
3,2,4,5,1,4,1,2,0,1
3,2,4,5,1,4,1,3,2,2
3,2,4,5,1,4,1,4,2,2
3,2,4,5,1,4,2,2,0,1
3,2,4,5,1,4,2,3,1,1
3,2,4,5,1,4,2,4,3,3
3,2,4,5,1,4,2,5,1,1
3,2,4,5,2,2,1,3,1,1
3,2,4,5,3,2,1,3,0,1
3,2,4,5,3,2,1,4,2,2
3,2,4,5,3,2,2,3,1,2
3,2,4,5,3,2,2,4,1,1
3,2,4,5,3,3,1,3,0,2
3,2,4,5,3,3,2,3,0,1
3,2,4,5,4,2,1,3,0,1
3,2,4,5,4,2,1,4,0,1
3,2,4,5,5,1,2,3,0,1
3,2,4,5,5,2,1,3,2,2
3,2,4,5,5,2,2,1,0,1
3,2,4,5,5,2,2,3,1,1
3,2,4,5,5,4,2,4,2,2
3,2,4,6,1,1,1,3,0,2
3,2,4,6,1,1,1,4,2,2
3,2,4,6,1,1,2,3,1,1
3,2,4,6,1,2,1,2,0,2
3,2,4,6,1,2,1,3,3,6
3,2,4,6,1,2,1,4,6,6
3,2,4,6,1,2,1,5,2,2
3,2,4,6,1,2,2,2,0,1
3,2,4,6,1,2,2,3,1,5
3,2,4,6,1,2,2,4,6,7
3,2,4,6,1,2,2,5,1,1
3,2,4,6,1,3,1,2,0,1
3,2,4,6,1,3,1,3,0,2
3,2,4,6,1,3,1,5,1,1
3,2,4,6,1,4,1,3,0,1
3,2,4,6,1,4,1,5,1,1
3,2,4,6,1,4,2,5,1,1
3,2,4,6,2,1,2,4,1,1
3,2,4,6,2,1,2,6,0,1
3,2,4,6,2,2,2,1,0,1
3,2,4,6,2,2,2,2,1,2
3,2,4,6,2,2,2,3,1,1
3,2,4,6,2,2,2,4,1,1
3,2,4,6,2,3,2,5,1,1
3,2,4,6,3,2,1,3,3,3
3,2,4,6,3,2,2,1,0,2
3,2,4,6,3,2,2,2,0,1
3,2,4,6,3,2,2,3,2,5
3,2,4,6,3,2,2,5,0,1
3,2,4,6,3,3,1,2,1,1
3,2,4,6,3,3,1,3,0,1
3,2,4,6,3,3,2,3,0,1
3,2,4,6,3,3,2,4,0,1
3,2,4,6,4,4,2,3,0,1
3,2,4,6,5,2,1,2,1,1
3,2,4,6,5,2,1,3,1,3
3,2,4,6,5,2,1,4,2,2
3,2,4,6,5,2,2,3,0,1
3,2,4,6,5,2,2,4,1,1
3,2,4,6,5,3,1,2,0,1
3,2,4,6,5,3,2,2,0,1
3,2,5,1,1,1,1,4,1,1
3,2,5,1,1,2,1,3,1,1
3,2,5,1,1,2,2,6,0,1
3,2,5,1,2,2,2,1,0,1
3,2,5,1,2,2,2,3,0,3
3,2,5,1,2,2,2,5,0,1
3,2,5,1,2,3,2,3,0,1
3,2,5,1,3,2,1,2,0,2
3,2,5,1,3,2,1,3,1,1
3,2,5,1,3,2,1,4,0,1
3,2,5,1,3,2,2,1,0,2
3,2,5,1,3,2,2,2,0,3
3,2,5,1,3,2,2,3,1,5
3,2,5,1,3,2,2,4,0,2
3,2,5,1,3,3,2,3,0,2
3,2,5,1,3,4,2,2,0,1
3,2,5,1,4,2,2,1,0,1
3,2,5,1,5,2,2,3,2,2
3,2,5,1,5,3,2,2,0,1
3,2,5,1,5,3,2,6,0,1
3,2,5,2,1,1,2,3,0,1
3,2,5,2,1,2,1,2,1,3
3,2,5,2,1,2,1,3,4,11
3,2,5,2,1,2,1,4,16,21
3,2,5,2,1,2,1,5,4,4
3,2,5,2,1,2,2,1,0,3
3,2,5,2,1,2,2,2,1,7
3,2,5,2,1,2,2,3,4,9
3,2,5,2,1,2,2,4,7,14
3,2,5,2,1,2,2,5,1,2
3,2,5,2,1,3,1,3,0,3
3,2,5,2,1,3,2,4,0,1
3,2,5,2,1,3,2,6,0,1
3,2,5,2,1,4,1,4,2,2
3,2,5,2,1,4,2,1,0,1
3,2,5,2,2,1,2,3,0,1
3,2,5,2,2,1,2,6,0,1
3,2,5,2,2,2,1,3,1,4
3,2,5,2,2,2,1,4,2,2
3,2,5,2,2,2,2,1,0,1
3,2,5,2,2,2,2,2,0,4
3,2,5,2,2,2,2,3,1,5
3,2,5,2,2,2,2,4,2,4
3,2,5,2,2,2,2,5,2,2
3,2,5,2,2,2,2,6,0,1
3,2,5,2,2,3,1,2,0,1
3,2,5,2,2,3,1,4,0,1
3,2,5,2,2,3,2,2,0,2
3,2,5,2,2,4,2,4,1,1
3,2,5,2,3,2,1,3,0,1
3,2,5,2,3,2,1,4,2,2
3,2,5,2,3,2,2,1,0,3
3,2,5,2,3,2,2,2,1,6
3,2,5,2,3,2,2,3,2,3
3,2,5,2,3,2,2,5,3,3
3,2,5,2,3,2,2,6,0,1
3,2,5,2,3,3,1,3,0,3
3,2,5,2,3,3,1,5,1,1
3,2,5,2,3,3,2,1,0,1
3,2,5,2,3,3,2,2,0,1
3,2,5,2,3,3,2,3,0,4
3,2,5,2,3,3,2,4,0,1
3,2,5,2,3,3,2,5,0,1
3,2,5,2,4,1,1,3,0,1
3,2,5,2,4,3,1,3,0,1
3,2,5,2,5,1,1,5,1,1
3,2,5,2,5,1,2,2,0,1
3,2,5,2,5,2,1,3,3,4
3,2,5,2,5,2,2,1,0,1
3,2,5,2,5,2,2,2,0,1
3,2,5,2,5,2,2,3,1,4
3,2,5,2,5,2,2,4,1,1
3,2,5,2,5,2,2,5,1,1
3,2,5,2,5,3,1,2,0,1
3,2,5,2,5,3,2,3,0,1
3,2,5,2,5,3,2,4,0,1
3,2,5,3,1,1,1,3,0,1
3,2,5,3,1,1,1,4,1,1
3,2,5,3,1,1,2,3,0,1
3,2,5,3,1,2,1,1,0,2
3,2,5,3,1,2,1,2,1,3
3,2,5,3,1,2,1,3,8,19
3,2,5,3,1,2,1,4,9,12
3,2,5,3,1,2,1,5,5,5
3,2,5,3,1,2,1,6,0,1
3,2,5,3,1,2,2,1,0,3
3,2,5,3,1,2,2,2,1,5
3,2,5,3,1,2,2,3,7,13
3,2,5,3,1,2,2,4,5,7
3,2,5,3,1,2,2,5,2,3
3,2,5,3,1,2,2,6,0,1
3,2,5,3,1,3,1,1,0,2
3,2,5,3,1,3,1,2,0,1
3,2,5,3,1,3,1,3,0,2
3,2,5,3,1,3,2,1,0,1
3,2,5,3,1,4,1,4,1,1
3,2,5,3,2,1,2,2,1,1
3,2,5,3,2,2,1,3,2,2
3,2,5,3,2,2,1,4,2,4
3,2,5,3,2,2,1,5,1,2
3,2,5,3,2,2,2,3,1,2
3,2,5,3,2,2,2,4,1,1
3,2,5,3,2,2,2,5,1,1
3,2,5,3,2,3,1,3,0,1
3,2,5,3,2,3,2,2,0,1
3,2,5,3,2,3,2,3,0,1
3,2,5,3,3,1,2,1,0,1
3,2,5,3,3,2,1,1,0,1
3,2,5,3,3,2,1,3,2,2
3,2,5,3,3,2,1,4,2,2
3,2,5,3,3,2,2,1,1,1
3,2,5,3,3,2,2,2,0,2
3,2,5,3,3,2,2,3,1,1
3,2,5,3,3,2,2,4,1,2
3,2,5,3,3,2,2,5,0,1
3,2,5,3,3,3,2,2,0,3
3,2,5,3,3,3,2,3,0,1
3,2,5,3,3,4,2,2,0,1
3,2,5,3,4,2,2,2,0,1
3,2,5,3,5,1,1,3,0,1
3,2,5,3,5,2,1,1,0,1
3,2,5,3,5,2,1,3,0,2
3,2,5,3,5,2,1,4,1,1
3,2,5,3,5,2,2,3,1,2
3,2,5,3,5,2,2,4,1,1
3,2,5,3,5,3,1,5,1,1
3,2,5,3,5,3,2,2,0,2
3,2,5,4,1,2,1,1,0,1
3,2,5,4,1,2,1,2,3,5
3,2,5,4,1,2,1,3,1,3
3,2,5,4,1,2,1,4,5,6
3,2,5,4,1,2,1,5,0,1
3,2,5,4,1,2,2,3,2,4
3,2,5,4,1,2,2,4,4,4
3,2,5,4,1,3,1,2,0,1
3,2,5,4,1,3,1,3,0,1
3,2,5,4,1,3,2,2,0,1
3,2,5,4,1,4,1,3,0,1
3,2,5,4,2,2,1,5,1,1
3,2,5,4,2,2,2,2,1,1
3,2,5,4,3,2,2,3,1,1
3,2,5,4,4,2,1,3,1,1
3,2,5,4,4,2,1,4,1,1
3,2,5,5,1,1,2,4,1,1
3,2,5,5,1,2,1,2,0,4
3,2,5,5,1,2,1,3,7,9
3,2,5,5,1,2,1,4,14,15
3,2,5,5,1,2,1,5,2,2
3,2,5,5,1,2,2,1,0,2
3,2,5,5,1,2,2,2,2,5
3,2,5,5,1,2,2,3,1,4
3,2,5,5,1,2,2,4,6,8
3,2,5,5,1,2,2,6,0,1
3,2,5,5,1,3,1,3,0,1
3,2,5,5,1,3,2,2,0,1
3,2,5,5,1,4,1,1,0,1
3,2,5,5,1,4,1,4,2,2
3,2,5,5,1,4,2,2,0,1
3,2,5,5,1,4,2,4,1,1
3,2,5,5,2,2,2,2,0,1
3,2,5,5,2,2,2,3,1,2
3,2,5,5,2,3,2,3,0,1
3,2,5,5,2,4,2,4,0,1
3,2,5,5,3,2,1,2,0,1
3,2,5,5,3,3,2,3,0,1
3,2,5,5,5,3,1,3,0,1
3,2,5,6,1,1,1,5,1,1
3,2,5,6,1,1,2,4,1,1
3,2,5,6,1,2,1,1,0,1
3,2,5,6,1,2,1,3,3,6
3,2,5,6,1,2,1,4,11,11
3,2,5,6,1,2,1,5,5,5
3,2,5,6,1,2,1,6,0,1
3,2,5,6,1,2,2,1,0,1
3,2,5,6,1,2,2,2,1,4
3,2,5,6,1,2,2,3,2,5
3,2,5,6,1,2,2,4,2,3
3,2,5,6,1,2,2,5,3,3
3,2,5,6,1,3,1,6,0,2
3,2,5,6,1,3,2,2,0,2
3,2,5,6,1,3,2,5,0,1
3,2,5,6,1,4,1,4,2,2
3,2,5,6,1,4,1,5,1,1
3,2,5,6,2,1,2,5,0,1
3,2,5,6,2,2,1,3,1,2
3,2,5,6,2,2,1,4,1,2
3,2,5,6,2,2,2,2,0,2
3,2,5,6,2,2,2,3,5,9
3,2,5,6,2,2,2,4,2,2
3,2,5,6,3,2,1,3,1,1
3,2,5,6,3,2,1,4,2,2
3,2,5,6,3,2,2,1,0,1
3,2,5,6,3,2,2,2,0,1
3,2,5,6,3,2,2,3,1,2
3,2,5,6,3,3,1,3,0,1
3,2,5,6,3,3,2,4,0,2
3,2,5,6,3,4,1,3,1,1
3,2,5,6,5,1,2,4,0,1
3,2,5,6,5,2,1,3,1,1
3,2,5,6,5,3,1,1,0,1
3,2,5,6,5,3,2,2,0,1
3,2,5,6,5,3,2,3,0,1
3,3,1,1,5,2,1,2,1,1
3,3,1,1,5,3,2,3,0,1
3,3,1,2,1,2,2,2,1,1
3,3,1,2,1,2,2,4,1,1
3,3,1,2,5,2,1,4,1,1
3,3,1,2,5,2,2,2,0,1
3,3,1,2,5,3,2,2,1,1
3,3,1,3,1,2,2,2,0,1
3,3,1,4,5,2,2,4,1,1
3,3,1,5,5,2,1,1,0,1
3,3,1,6,5,2,2,2,0,1
3,3,2,1,1,2,2,1,0,1
3,3,2,1,1,2,2,4,1,2
3,3,2,1,3,2,2,2,0,1
3,3,2,1,3,2,2,3,0,1
3,3,2,1,5,2,2,1,0,2
3,3,2,1,5,2,2,3,1,1
3,3,2,1,5,3,1,1,0,1
3,3,2,2,1,2,1,1,0,1
3,3,2,2,1,2,1,3,0,1
3,3,2,2,1,2,1,5,0,1
3,3,2,2,1,2,2,2,0,1
3,3,2,2,1,2,2,3,1,1
3,3,2,2,1,2,2,4,1,2
3,3,2,2,1,2,2,5,1,1
3,3,2,2,3,2,2,3,0,1
3,3,2,2,3,2,2,5,1,1
3,3,2,2,5,1,2,3,1,1
3,3,2,2,5,2,2,1,1,1
3,3,2,2,5,2,2,3,1,2
3,3,2,2,5,3,1,4,0,1
3,3,2,3,1,2,1,3,2,2
3,3,2,3,1,2,1,4,1,1
3,3,2,3,1,2,2,1,0,1
3,3,2,3,1,2,2,2,1,1
3,3,2,3,1,2,2,3,2,3
3,3,2,3,1,2,2,4,0,1
3,3,2,3,1,2,2,5,0,1
3,3,2,3,1,2,2,6,1,1
3,3,2,3,5,2,1,3,2,2
3,3,2,3,5,2,1,5,1,1
3,3,2,4,1,2,1,5,1,1
3,3,2,4,1,2,2,3,1,1
3,3,2,5,1,1,1,5,0,1
3,3,2,5,1,2,1,4,1,1
3,3,2,5,1,2,1,5,1,1
3,3,2,5,1,3,2,1,0,1
3,3,2,5,5,2,2,1,0,1
3,3,2,6,3,2,2,3,0,1
3,3,2,6,4,2,2,1,1,1
3,3,2,6,5,2,1,3,1,1
3,3,2,6,5,2,1,4,0,1
3,3,2,6,5,2,1,5,2,2
3,3,2,6,5,2,2,2,1,1
3,3,3,1,1,2,1,3,0,2
3,3,3,1,1,2,1,5,1,1
3,3,3,1,1,2,2,4,0,1
3,3,3,1,1,3,2,2,0,1
3,3,3,1,3,2,1,2,0,1
3,3,3,1,3,2,2,2,0,1
3,3,3,1,3,2,2,3,1,1
3,3,3,1,3,2,2,4,1,2
3,3,3,1,3,2,2,6,0,1
3,3,3,1,5,2,2,2,0,1
3,3,3,1,5,2,2,3,0,1
3,3,3,2,1,1,2,4,0,1
3,3,3,2,1,2,1,3,1,2
3,3,3,2,1,2,1,4,1,1
3,3,3,2,1,2,1,5,1,1
3,3,3,2,1,2,2,1,0,1
3,3,3,2,1,2,2,2,0,2
3,3,3,2,1,2,2,3,2,4
3,3,3,2,1,2,2,4,0,2
3,3,3,2,1,2,2,5,1,1
3,3,3,2,1,3,2,3,0,1
3,3,3,2,1,4,1,5,1,1
3,3,3,2,1,4,2,3,1,1
3,3,3,2,3,1,1,4,1,1
3,3,3,2,3,2,1,1,0,1
3,3,3,2,3,2,1,5,1,1
3,3,3,2,3,2,2,3,1,2
3,3,3,2,4,3,2,4,0,1
3,3,3,2,5,1,1,5,1,1
3,3,3,2,5,2,1,2,0,2
3,3,3,2,5,2,1,3,1,2
3,3,3,2,5,4,2,2,0,1
3,3,3,3,1,1,2,5,1,1
3,3,3,3,1,2,1,2,0,1
3,3,3,3,1,2,1,3,4,4
3,3,3,3,1,2,1,4,3,4
3,3,3,3,1,2,1,5,3,4
3,3,3,3,1,2,2,2,0,1
3,3,3,3,1,2,2,3,0,1
3,3,3,3,1,2,2,4,1,2
3,3,3,3,1,2,2,5,2,4
3,3,3,3,1,3,2,2,0,1
3,3,3,3,1,3,2,3,0,1
3,3,3,3,1,4,1,4,1,1
3,3,3,3,5,2,2,1,0,1
3,3,3,3,5,2,2,2,0,1
3,3,3,3,5,2,2,5,1,1
3,3,3,4,1,2,1,2,1,1
3,3,3,4,1,2,1,3,2,2
3,3,3,4,1,2,1,4,2,2
3,3,3,4,1,2,1,5,2,2
3,3,3,4,1,2,2,4,1,1
3,3,3,4,1,2,2,5,0,1
3,3,3,4,1,3,2,1,0,1
3,3,3,4,5,1,1,4,1,1
3,3,3,5,1,1,1,1,0,1
3,3,3,5,1,1,1,5,1,1
3,3,3,5,1,2,1,2,1,2
3,3,3,5,1,2,1,4,1,1
3,3,3,5,1,2,1,5,2,2
3,3,3,5,1,2,2,3,3,3
3,3,3,5,1,2,2,4,1,2
3,3,3,5,1,2,2,5,1,1
3,3,3,5,1,4,1,4,1,1
3,3,3,5,3,2,1,4,1,1
3,3,3,5,5,2,1,2,0,1
3,3,3,6,1,1,1,2,0,1
3,3,3,6,1,1,1,5,2,2
3,3,3,6,1,2,1,2,0,1
3,3,3,6,1,2,1,3,0,1
3,3,3,6,1,2,1,5,1,1
3,3,3,6,1,2,2,4,1,1
3,3,3,6,1,2,2,5,2,2
3,3,3,6,5,2,1,3,1,1
3,3,4,1,1,2,1,3,1,1
3,3,4,1,1,2,2,2,0,1
3,3,4,1,1,2,2,3,0,1
3,3,4,1,1,2,2,6,0,1
3,3,4,1,1,3,2,3,0,1
3,3,4,1,2,2,2,2,0,1
3,3,4,1,2,2,2,4,1,1
3,3,4,1,2,3,2,3,0,1
3,3,4,1,3,1,1,4,1,1
3,3,4,1,3,1,2,1,0,1
3,3,4,1,3,2,2,1,0,1
3,3,4,1,3,2,2,2,0,1
3,3,4,1,3,2,2,5,1,1
3,3,4,1,3,3,2,3,0,1
3,3,4,1,4,2,2,4,0,1
3,3,4,1,5,2,1,3,0,1
3,3,4,1,5,2,1,4,2,2
3,3,4,1,5,2,1,5,0,1
3,3,4,1,5,2,2,3,0,2
3,3,4,2,1,1,1,4,1,1
3,3,4,2,1,1,2,3,0,1
3,3,4,2,1,2,1,3,0,3
3,3,4,2,1,2,1,4,3,3
3,3,4,2,1,2,2,2,0,1
3,3,4,2,1,2,2,3,0,4
3,3,4,2,1,2,2,4,5,5
3,3,4,2,1,2,2,5,0,2
3,3,4,2,1,2,2,6,0,1
3,3,4,2,2,1,2,4,0,1
3,3,4,2,2,2,2,3,1,1
3,3,4,2,2,3,2,3,1,1
3,3,4,2,3,2,1,2,1,1
3,3,4,2,3,2,1,3,2,2
3,3,4,2,3,2,2,2,0,2
3,3,4,2,3,2,2,3,2,2
3,3,4,2,3,2,2,6,1,1
3,3,4,2,3,3,1,3,0,1
3,3,4,2,3,3,2,2,0,1
3,3,4,2,4,2,1,3,1,1
3,3,4,2,4,2,1,5,1,1
3,3,4,2,5,2,1,2,0,1
3,3,4,2,5,2,1,5,1,1
3,3,4,2,5,2,1,6,1,1
3,3,4,2,5,2,2,2,1,2
3,3,4,2,5,2,2,4,0,1
3,3,4,2,5,2,2,6,0,1
3,3,4,2,5,3,1,2,0,1
3,3,4,2,5,3,1,3,0,1
3,3,4,3,1,1,1,4,1,1
3,3,4,3,1,2,1,3,4,5
3,3,4,3,1,2,1,4,1,1
3,3,4,3,1,2,1,5,3,3
3,3,4,3,1,2,2,1,0,2
3,3,4,3,1,2,2,2,1,2
3,3,4,3,1,2,2,3,3,10
3,3,4,3,1,2,2,4,4,5
3,3,4,3,1,2,2,5,2,3
3,3,4,3,1,3,2,3,0,1
3,3,4,3,3,2,1,4,1,2
3,3,4,3,3,2,2,4,1,1
3,3,4,3,3,3,2,3,0,1
3,3,4,3,4,2,1,4,0,1
3,3,4,3,5,1,1,5,1,1
3,3,4,3,5,2,1,3,2,4
3,3,4,3,5,3,1,3,1,2
3,3,4,3,5,3,2,6,0,1
3,3,4,4,1,1,2,4,1,1
3,3,4,4,1,2,1,2,0,1
3,3,4,4,1,2,1,3,1,3
3,3,4,4,1,2,1,4,1,1
3,3,4,4,1,2,2,2,0,1
3,3,4,4,1,2,2,3,1,1
3,3,4,4,1,2,2,6,0,2
3,3,4,4,1,4,2,3,0,1
3,3,4,4,3,2,1,4,1,1
3,3,4,4,5,2,1,3,1,1
3,3,4,4,5,2,1,4,0,1
3,3,4,4,5,2,2,4,0,1
3,3,4,5,1,1,1,3,0,1
3,3,4,5,1,2,1,1,0,1
3,3,4,5,1,2,1,2,1,3
3,3,4,5,1,2,1,3,2,3
3,3,4,5,1,2,1,4,2,2
3,3,4,5,1,2,1,5,3,3
3,3,4,5,1,2,2,1,0,1
3,3,4,5,1,2,2,2,0,1
3,3,4,5,1,2,2,3,1,2
3,3,4,5,1,2,2,4,1,1
3,3,4,5,1,2,2,5,1,1
3,3,4,5,2,2,1,3,1,1
3,3,4,5,3,2,1,3,1,1
3,3,4,6,1,1,1,4,2,2
3,3,4,6,1,1,2,4,1,1
3,3,4,6,1,2,1,3,0,1
3,3,4,6,1,2,1,4,1,1
3,3,4,6,1,2,1,5,1,1
3,3,4,6,1,2,2,1,0,2
3,3,4,6,1,2,2,2,0,2
3,3,4,6,1,2,2,3,2,3
3,3,4,6,1,2,2,4,2,2
3,3,4,6,1,2,2,5,1,1
3,3,4,6,1,3,2,2,0,1
3,3,4,6,2,2,1,6,0,1
3,3,4,6,2,2,2,3,0,1
3,3,4,6,3,2,1,5,1,1
3,3,4,6,3,2,2,2,0,1
3,3,4,6,3,2,2,4,1,1
3,3,4,6,5,2,1,4,1,1
3,3,4,6,5,2,1,5,1,1
3,3,5,1,2,1,2,3,1,1
3,3,5,1,2,2,2,4,0,1
3,3,5,1,3,2,1,2,1,1
3,3,5,1,3,2,1,4,1,1
3,3,5,1,3,2,2,3,0,1
3,3,5,1,5,1,1,3,0,1
3,3,5,1,5,2,1,2,0,1
3,3,5,1,5,3,1,2,0,1
3,3,5,2,1,2,1,2,0,1
3,3,5,2,1,2,1,3,1,5
3,3,5,2,1,2,1,4,5,6
3,3,5,2,1,2,1,5,2,3
3,3,5,2,1,2,2,3,3,5
3,3,5,2,1,2,2,4,4,5
3,3,5,2,1,2,2,5,1,1
3,3,5,2,1,3,2,2,0,1
3,3,5,2,1,3,2,3,0,1
3,3,5,2,1,3,2,4,1,1
3,3,5,2,2,2,1,3,0,1
3,3,5,2,2,2,1,4,1,2
3,3,5,2,2,2,2,2,0,1
3,3,5,2,2,2,2,4,1,1
3,3,5,2,2,2,2,5,0,1
3,3,5,2,3,1,1,3,0,1
3,3,5,2,3,2,1,2,0,1
3,3,5,2,3,2,1,3,0,1
3,3,5,2,3,2,1,4,1,1
3,3,5,2,3,2,2,2,1,2
3,3,5,2,3,2,2,3,1,1
3,3,5,2,3,2,2,5,1,1
3,3,5,2,4,2,1,3,0,1
3,3,5,2,4,2,2,3,0,1
3,3,5,2,5,2,1,1,0,1
3,3,5,2,5,2,1,3,0,1
3,3,5,2,5,2,2,3,1,1
3,3,5,2,5,3,1,3,0,1
3,3,5,3,1,1,1,3,0,1
3,3,5,3,1,2,1,2,0,1
3,3,5,3,1,2,1,3,3,6
3,3,5,3,1,2,1,4,3,4
3,3,5,3,1,2,1,5,2,2
3,3,5,3,1,2,2,2,0,1
3,3,5,3,1,2,2,3,0,3
3,3,5,3,1,2,2,4,6,6
3,3,5,3,1,2,2,6,0,1
3,3,5,3,2,2,1,4,1,1
3,3,5,3,2,2,2,5,1,1
3,3,5,3,3,2,1,4,1,1
3,3,5,3,3,2,2,1,0,1
3,3,5,3,3,2,2,2,0,1
3,3,5,3,5,2,1,4,1,1
3,3,5,4,1,2,1,4,1,1
3,3,5,4,1,2,2,4,0,1
3,3,5,4,3,2,2,4,0,1
3,3,5,5,1,2,1,3,1,2
3,3,5,5,1,2,1,4,3,3
3,3,5,5,1,2,2,1,0,1
3,3,5,6,1,1,1,3,2,2
3,3,5,6,1,2,1,3,2,2
3,3,5,6,1,2,1,4,4,5
3,3,5,6,1,2,2,1,0,1
3,3,5,6,1,2,2,2,1,1
3,3,5,6,1,2,2,3,0,3
3,3,5,6,1,2,2,5,1,1
3,3,5,6,2,2,2,3,1,1
3,3,5,6,2,2,2,4,1,1
3,3,5,6,2,2,2,5,1,1
3,3,5,6,3,2,1,3,0,1
3,3,5,6,5,2,1,4,0,1
3,3,5,6,5,2,2,3,0,1
4,1,1,1,5,2,2,4,0,1
4,1,1,1,5,5,2,6,0,1
4,1,1,2,1,3,2,6,0,1
4,1,1,2,5,2,1,2,0,1
4,1,1,2,5,2,1,5,1,1
4,1,1,2,5,2,2,1,1,2
4,1,1,2,5,2,2,2,0,1
4,1,1,2,5,2,2,3,0,1
4,1,1,2,5,4,1,3,0,1
4,1,1,3,1,2,2,1,0,1
4,1,1,3,1,2,2,3,0,1
4,1,1,3,5,2,1,1,0,1
4,1,1,3,5,3,2,1,0,1
4,1,1,3,5,4,2,5,1,1
4,1,1,5,1,2,2,5,0,1
4,1,1,5,5,2,2,3,1,1
4,1,1,5,5,2,2,4,0,1
4,1,1,5,5,3,1,2,0,1
4,1,1,5,5,3,2,6,0,1
4,1,1,6,1,2,1,3,1,1
4,1,1,6,1,2,2,3,1,1
4,1,1,6,5,2,1,5,1,1
4,1,1,6,5,2,2,2,0,1
4,1,1,6,5,2,2,3,1,2
4,1,1,6,5,2,2,5,1,1
4,1,2,1,1,2,2,6,0,1
4,1,2,1,5,2,2,3,0,1
4,1,2,2,1,2,1,1,0,1
4,1,2,2,1,2,1,2,0,1
4,1,2,2,1,2,1,3,1,1
4,1,2,2,1,3,2,1,1,1
4,1,2,2,5,2,1,1,0,1
4,1,2,2,5,2,1,3,1,1
4,1,2,2,5,2,2,2,0,1
4,1,2,2,5,3,1,1,0,1
4,1,2,2,5,3,2,4,0,1
4,1,2,2,5,4,1,5,1,1
4,1,2,2,5,4,2,3,0,1
4,1,2,3,1,1,2,1,0,1
4,1,2,3,1,2,1,1,0,1
4,1,2,3,1,2,1,2,0,2
4,1,2,3,1,2,1,3,1,2
4,1,2,3,1,2,1,4,0,1
4,1,2,3,1,2,2,1,0,1
4,1,2,3,1,2,2,2,0,1
4,1,2,3,1,2,2,3,2,3
4,1,2,3,1,2,2,4,1,1
4,1,2,3,1,4,2,4,0,1
4,1,2,3,1,5,2,4,0,1
4,1,2,3,3,2,2,2,0,1
4,1,2,3,5,2,1,1,0,1
4,1,2,3,5,2,2,2,0,1
4,1,2,3,5,2,2,3,1,1
4,1,2,3,5,4,1,1,0,1
4,1,2,3,5,4,2,1,0,1
4,1,2,4,1,2,1,1,0,1
4,1,2,4,1,2,1,3,1,1
4,1,2,4,1,2,2,2,0,1
4,1,2,4,1,2,2,3,0,1
4,1,2,4,1,2,2,4,1,1
4,1,2,4,4,2,2,3,0,1
4,1,2,4,5,2,1,3,2,2
4,1,2,4,5,5,1,1,0,1
4,1,2,5,1,1,1,3,3,3
4,1,2,5,1,2,1,1,0,2
4,1,2,5,1,2,1,2,1,2
4,1,2,5,1,2,1,3,6,7
4,1,2,5,1,2,1,4,5,5
4,1,2,5,1,2,1,5,1,1
4,1,2,5,1,2,2,1,0,1
4,1,2,5,1,2,2,2,0,1
4,1,2,5,1,2,2,3,2,3
4,1,2,5,1,2,2,5,1,1
4,1,2,5,1,3,2,3,0,1
4,1,2,5,1,4,1,3,1,1
4,1,2,5,1,5,1,2,0,1
4,1,2,5,1,5,1,3,1,1
4,1,2,5,5,1,1,3,0,1
4,1,2,5,5,2,1,2,1,1
4,1,2,5,5,2,1,3,2,2
4,1,2,6,1,2,1,2,0,1
4,1,2,6,1,2,1,3,1,1
4,1,2,6,1,2,1,5,1,1
4,1,2,6,1,2,2,2,0,1
4,1,2,6,1,2,2,4,1,1
4,1,2,6,1,3,1,2,0,1
4,1,2,6,3,2,2,3,0,1
4,1,2,6,5,2,2,3,1,1
4,1,2,6,5,3,1,3,0,1
4,1,2,6,5,5,1,3,0,2
4,1,3,1,1,4,2,3,1,1
4,1,3,1,3,2,1,3,1,1
4,1,3,1,3,2,2,2,0,1
4,1,3,2,1,1,1,3,2,2
4,1,3,2,1,2,1,3,1,1
4,1,3,2,1,2,2,1,0,1
4,1,3,2,1,2,2,3,0,1
4,1,3,2,1,4,2,3,0,1
4,1,3,2,2,2,2,5,1,1
4,1,3,2,5,1,1,3,0,1
4,1,3,2,5,2,1,2,0,1
4,1,3,2,5,2,1,6,1,1
4,1,3,2,5,2,2,1,0,1
4,1,3,2,5,3,2,2,0,2
4,1,3,2,5,4,1,1,0,1
4,1,3,2,5,4,1,3,0,1
4,1,3,2,5,4,2,2,0,1
4,1,3,2,5,5,2,3,0,1
4,1,3,3,1,2,1,2,0,2
4,1,3,3,1,2,1,3,2,2
4,1,3,3,1,2,2,2,0,2
4,1,3,3,1,2,2,4,0,1
4,1,3,3,1,3,2,3,0,1
4,1,3,3,2,3,2,4,0,1
4,1,3,3,3,2,2,3,0,1
4,1,3,3,3,3,2,3,0,1
4,1,3,3,5,1,1,2,0,1
4,1,3,3,5,2,1,1,0,3
4,1,3,3,5,2,1,4,1,1
4,1,3,3,5,2,1,5,1,1
4,1,3,3,5,2,2,1,0,1
4,1,3,3,5,5,1,2,0,1
4,1,3,4,1,2,1,1,0,1
4,1,3,4,1,2,1,2,1,1
4,1,3,4,1,2,1,3,1,1
4,1,3,4,1,2,1,5,1,1
4,1,3,4,1,2,2,1,0,1
4,1,3,4,1,2,2,4,1,1
4,1,3,4,1,3,2,3,0,1
4,1,3,5,1,1,1,3,1,2
4,1,3,5,1,2,1,2,1,4
4,1,3,5,1,2,1,3,3,6
4,1,3,5,1,2,1,4,4,4
4,1,3,5,1,2,1,5,3,3
4,1,3,5,1,2,2,1,0,1
4,1,3,5,1,2,2,2,0,4
4,1,3,5,1,2,2,3,2,5
4,1,3,5,1,2,2,4,2,2
4,1,3,5,1,2,2,5,1,1
4,1,3,5,1,3,1,1,0,1
4,1,3,5,1,3,1,2,0,1
4,1,3,5,1,3,2,3,0,2
4,1,3,5,1,4,1,3,1,2
4,1,3,5,1,4,2,5,1,1
4,1,3,5,1,5,1,3,0,1
4,1,3,5,2,4,2,1,0,1
4,1,3,5,3,2,2,3,1,1
4,1,3,5,4,2,1,4,1,1
4,1,3,5,5,1,1,1,0,1
4,1,3,5,5,1,2,1,0,1
4,1,3,5,5,2,1,1,1,1
4,1,3,5,5,2,1,2,0,1
4,1,3,5,5,2,1,3,2,2
4,1,3,5,5,2,1,4,1,1
4,1,3,5,5,2,2,1,0,1
4,1,3,5,5,2,2,2,0,1
4,1,3,5,5,3,2,2,0,1
4,1,3,6,1,1,1,4,1,1
4,1,3,6,1,2,1,3,1,1
4,1,3,6,1,2,1,4,1,1
4,1,3,6,1,2,1,5,1,1
4,1,3,6,1,2,2,3,1,1
4,1,3,6,1,3,2,3,0,1
4,1,3,6,1,4,1,4,1,1
4,1,3,6,3,2,1,4,1,1
4,1,3,6,5,2,1,2,0,1
4,1,3,6,5,2,1,3,0,1
4,1,3,6,5,2,1,5,1,1
4,1,3,6,5,3,2,3,0,1
4,1,3,6,5,5,2,3,0,1
4,1,4,1,2,2,2,3,1,1
4,1,4,1,2,2,2,5,1,1
4,1,4,1,3,2,2,5,1,1
4,1,4,1,5,2,2,4,0,1
4,1,4,2,1,2,1,4,1,1
4,1,4,2,1,2,1,5,1,1
4,1,4,2,1,2,2,3,0,1
4,1,4,2,1,5,1,3,0,1
4,1,4,2,3,2,1,3,1,2
4,1,4,2,3,2,2,3,0,1
4,1,4,2,3,3,1,2,0,1
4,1,4,2,3,3,2,2,0,2
4,1,4,2,5,2,1,2,1,1
4,1,4,2,5,2,2,1,0,1
4,1,4,2,5,2,2,3,0,1
4,1,4,2,5,2,2,4,1,1
4,1,4,2,5,3,1,2,0,1
4,1,4,2,5,3,1,3,0,1
4,1,4,2,5,5,2,3,0,1
4,1,4,3,1,2,1,1,0,1
4,1,4,3,1,2,1,3,1,1
4,1,4,3,1,2,1,4,2,2
4,1,4,3,1,2,1,5,1,1
4,1,4,3,1,2,2,2,0,1
4,1,4,3,1,2,2,3,0,1
4,1,4,3,1,2,2,4,1,1
4,1,4,3,1,3,2,3,0,1
4,1,4,3,1,3,2,4,0,1
4,1,4,3,1,4,1,3,0,1
4,1,4,3,1,4,2,2,0,1
4,1,4,3,2,2,1,6,0,1
4,1,4,3,3,1,1,3,1,1
4,1,4,3,3,4,2,3,1,1
4,1,4,3,4,2,1,4,1,1
4,1,4,3,5,1,1,2,0,1
4,1,4,3,5,2,2,2,1,1
4,1,4,3,5,2,2,3,0,1
4,1,4,3,5,2,2,4,1,1
4,1,4,4,1,1,1,3,0,1
4,1,4,4,1,2,1,3,0,1
4,1,4,4,1,2,2,3,1,1
4,1,4,4,2,2,2,3,0,1
4,1,4,4,3,2,2,3,0,1
4,1,4,4,5,1,2,3,0,1
4,1,4,5,1,1,2,3,1,1
4,1,4,5,1,2,1,1,0,1
4,1,4,5,1,2,1,2,0,1
4,1,4,5,1,2,1,3,5,8
4,1,4,5,1,2,1,4,6,8
4,1,4,5,1,2,2,2,0,3
4,1,4,5,1,2,2,3,4,8
4,1,4,5,1,2,2,4,3,4
4,1,4,5,1,3,1,3,0,1
4,1,4,5,1,3,2,3,0,1
4,1,4,5,1,4,1,3,0,2
4,1,4,5,1,4,1,4,2,2
4,1,4,5,1,5,2,2,0,1
4,1,4,5,2,1,1,4,0,1
4,1,4,5,2,2,2,4,0,1
4,1,4,5,2,3,2,1,0,1
4,1,4,5,3,2,1,4,2,2
4,1,4,5,3,3,2,2,0,1
4,1,4,5,5,1,2,3,0,1
4,1,4,5,5,2,1,2,1,2
4,1,4,5,5,2,2,2,0,1
4,1,4,5,5,3,2,3,0,1
4,1,4,5,5,3,2,4,0,1
4,1,4,5,5,4,1,3,0,1
4,1,4,5,5,4,2,2,0,1
4,1,4,6,1,1,2,3,0,1
4,1,4,6,1,2,1,4,1,1
4,1,4,6,1,2,2,2,0,4
4,1,4,6,1,2,2,3,1,1
4,1,4,6,1,4,1,3,0,1
4,1,4,6,1,4,2,3,0,1
4,1,4,6,1,4,2,4,1,1
4,1,4,6,3,2,1,3,1,1
4,1,4,6,3,2,1,5,1,1
4,1,4,6,5,2,2,2,1,1
4,1,5,1,3,2,1,2,0,1
4,1,5,1,5,2,1,4,0,1
4,1,5,2,1,2,2,1,0,1
4,1,5,2,2,2,2,4,1,1
4,1,5,2,2,3,2,3,0,1
4,1,5,2,3,2,1,3,1,1
4,1,5,2,3,2,2,4,1,1
4,1,5,2,3,2,2,5,1,1
4,1,5,2,3,3,1,3,0,1
4,1,5,2,3,4,2,2,0,1
4,1,5,2,5,2,1,1,0,1
4,1,5,2,5,2,1,3,2,2
4,1,5,2,5,2,2,1,0,1
4,1,5,2,5,2,2,2,0,1
4,1,5,3,1,1,1,5,1,1
4,1,5,3,1,2,1,1,0,1
4,1,5,3,1,2,1,2,1,2
4,1,5,3,1,2,1,3,1,4
4,1,5,3,1,2,2,2,0,1
4,1,5,3,1,2,2,3,1,2
4,1,5,3,1,3,1,1,0,1
4,1,5,3,1,4,1,3,1,2
4,1,5,3,1,5,2,3,0,1
4,1,5,3,3,2,1,3,1,1
4,1,5,3,3,2,2,1,0,1
4,1,5,3,3,3,1,3,0,1
4,1,5,3,3,3,2,2,0,1
4,1,5,3,5,2,1,3,1,1
4,1,5,4,1,2,1,5,1,1
4,1,5,4,1,2,2,2,0,1
4,1,5,4,1,3,1,3,0,1
4,1,5,4,3,2,1,3,1,1
4,1,5,5,1,1,1,5,1,1
4,1,5,5,1,2,1,1,0,1
4,1,5,5,1,2,1,2,0,1
4,1,5,5,1,2,1,3,0,3
4,1,5,5,1,2,1,4,2,2
4,1,5,5,1,2,1,5,2,2
4,1,5,5,1,2,2,2,1,2
4,1,5,5,1,2,2,3,1,1
4,1,5,5,1,2,2,4,1,1
4,1,5,5,1,3,1,3,0,1
4,1,5,5,1,4,1,3,0,1
4,1,5,5,3,2,1,3,0,1
4,1,5,5,3,2,2,4,1,1
4,1,5,5,5,2,1,5,1,1
4,1,5,6,1,2,1,4,2,2
4,1,5,6,1,2,2,2,0,1
4,1,5,6,1,4,1,4,1,1
4,1,5,6,2,2,2,1,0,1
4,1,5,6,2,4,2,3,1,1
4,1,5,6,3,2,2,1,0,1
4,1,5,6,3,4,2,4,0,1
4,1,5,6,5,1,2,2,0,1
4,1,5,6,5,2,2,2,1,1
4,1,5,6,5,2,2,3,1,1
4,2,1,1,5,1,1,3,0,1
4,2,1,1,5,2,1,2,0,1
4,2,1,1,5,2,2,1,0,2
4,2,1,1,5,2,2,6,0,1
4,2,1,1,5,4,1,2,0,1
4,2,1,2,1,2,1,4,1,1
4,2,1,2,1,2,2,2,0,1
4,2,1,2,5,1,1,2,0,1
4,2,1,2,5,1,1,4,1,1
4,2,1,2,5,1,2,2,0,3
4,2,1,2,5,2,1,1,1,7
4,2,1,2,5,2,1,2,0,1
4,2,1,2,5,2,1,4,2,3
4,2,1,2,5,2,1,5,0,1
4,2,1,2,5,2,2,1,1,7
4,2,1,2,5,2,2,3,0,1
4,2,1,2,5,2,2,4,2,3
4,2,1,2,5,3,1,3,0,1
4,2,1,2,5,3,2,2,0,1
4,2,1,2,5,3,2,3,0,1
4,2,1,2,5,4,1,1,0,1
4,2,1,2,5,4,2,2,0,1
4,2,1,2,5,4,2,6,0,1
4,2,1,2,5,5,1,3,0,1
4,2,1,2,5,5,2,2,0,3
4,2,1,2,5,5,2,3,0,1
4,2,1,2,5,5,2,4,0,1
4,2,1,3,1,2,1,3,0,1
4,2,1,3,1,2,1,4,1,1
4,2,1,3,1,2,2,1,0,1
4,2,1,3,1,2,2,2,0,2
4,2,1,3,1,2,2,3,0,1
4,2,1,3,1,2,2,4,1,2
4,2,1,3,1,4,2,3,0,1
4,2,1,3,5,1,2,2,0,1
4,2,1,3,5,2,1,1,0,3
4,2,1,3,5,2,1,4,1,1
4,2,1,3,5,2,1,5,2,2
4,2,1,3,5,2,2,1,0,1
4,2,1,3,5,2,2,2,0,5
4,2,1,3,5,2,2,3,0,2
4,2,1,3,5,2,2,4,0,1
4,2,1,3,5,2,2,5,0,1
4,2,1,3,5,5,2,1,0,1
4,2,1,4,1,2,2,3,1,1
4,2,1,4,5,2,1,1,0,1
4,2,1,4,5,2,1,2,1,1
4,2,1,5,1,2,1,1,0,1
4,2,1,5,1,2,1,3,1,1
4,2,1,5,1,2,2,5,1,1
4,2,1,5,5,1,2,1,0,1
4,2,1,5,5,2,1,1,1,3
4,2,1,5,5,2,1,2,0,4
4,2,1,5,5,2,1,3,0,2
4,2,1,5,5,2,2,3,0,1
4,2,1,5,5,4,1,4,1,1
4,2,1,6,1,1,2,2,0,1
4,2,1,6,1,2,2,3,0,1
4,2,1,6,1,2,2,6,1,1
4,2,1,6,5,1,1,3,0,2
4,2,1,6,5,1,2,4,1,1
4,2,1,6,5,2,1,1,0,1
4,2,1,6,5,2,1,2,2,4
4,2,1,6,5,2,1,3,0,3
4,2,1,6,5,2,2,1,0,2
4,2,1,6,5,3,1,4,1,1
4,2,1,6,5,3,2,3,0,1
4,2,1,6,5,4,2,2,0,1
4,2,1,6,5,5,2,2,0,1
4,2,2,1,1,1,2,6,0,1
4,2,2,1,1,5,2,3,0,1
4,2,2,1,3,3,2,3,0,1
4,2,2,1,3,5,2,5,0,1
4,2,2,1,5,1,1,5,1,1
4,2,2,1,5,1,2,1,1,1
4,2,2,1,5,2,1,1,0,1
4,2,2,1,5,2,1,2,0,1
4,2,2,1,5,2,1,3,0,1
4,2,2,1,5,2,1,4,1,1
4,2,2,1,5,2,2,1,0,1
4,2,2,1,5,2,2,2,0,2
4,2,2,1,5,3,1,3,0,2
4,2,2,1,5,3,2,2,0,1
4,2,2,1,5,3,2,3,0,1
4,2,2,1,5,4,1,2,0,1
4,2,2,1,5,4,2,2,0,1
4,2,2,1,5,5,2,6,0,1
4,2,2,2,1,1,2,1,0,1
4,2,2,2,1,2,1,2,0,1
4,2,2,2,1,2,1,4,2,2
4,2,2,2,1,2,1,5,1,1
4,2,2,2,1,2,2,1,0,2
4,2,2,2,1,2,2,2,1,2
4,2,2,2,1,2,2,4,3,3
4,2,2,2,1,3,1,1,1,1
4,2,2,2,1,3,2,1,0,1
4,2,2,2,1,3,2,3,0,1
4,2,2,2,1,3,2,4,0,1
4,2,2,2,1,5,1,3,0,1
4,2,2,2,1,5,2,2,0,1
4,2,2,2,1,5,2,3,0,1
4,2,2,2,2,4,2,4,1,1
4,2,2,2,3,2,1,4,1,1
4,2,2,2,3,2,2,1,0,2
4,2,2,2,3,2,2,2,0,2
4,2,2,2,3,2,2,3,0,2
4,2,2,2,4,5,1,3,0,1
4,2,2,2,5,1,1,2,0,1
4,2,2,2,5,1,2,1,0,1
4,2,2,2,5,2,1,1,0,1
4,2,2,2,5,2,1,2,0,2
4,2,2,2,5,2,1,3,2,5
4,2,2,2,5,2,1,4,4,5
4,2,2,2,5,2,1,5,2,3
4,2,2,2,5,2,2,1,1,9
4,2,2,2,5,2,2,2,0,5
4,2,2,2,5,2,2,3,1,2
4,2,2,2,5,2,2,4,2,3
4,2,2,2,5,3,2,1,0,1
4,2,2,2,5,3,2,2,0,1
4,2,2,2,5,3,2,3,0,2
4,2,2,2,5,3,2,4,0,1
4,2,2,2,5,4,1,2,0,1
4,2,2,2,5,4,2,3,0,1
4,2,2,2,5,4,2,4,0,1
4,2,2,2,5,5,2,2,0,1
4,2,2,3,1,1,1,5,1,1
4,2,2,3,1,1,2,3,0,2
4,2,2,3,1,2,1,1,0,4
4,2,2,3,1,2,1,2,2,9
4,2,2,3,1,2,1,3,5,9
4,2,2,3,1,2,1,4,6,9
4,2,2,3,1,2,1,5,3,3
4,2,2,3,1,2,1,6,0,1
4,2,2,3,1,2,2,1,0,5
4,2,2,3,1,2,2,2,0,5
4,2,2,3,1,2,2,3,5,9
4,2,2,3,1,2,2,4,2,5
4,2,2,3,1,2,2,5,6,6
4,2,2,3,1,3,1,3,0,1
4,2,2,3,1,3,2,3,0,2
4,2,2,3,1,3,2,4,0,1
4,2,2,3,1,4,2,2,0,1
4,2,2,3,3,2,1,1,0,1
4,2,2,3,3,2,1,2,0,2
4,2,2,3,3,2,1,3,1,1
4,2,2,3,3,2,2,2,0,1
4,2,2,3,3,2,2,3,0,1
4,2,2,3,3,2,2,4,1,1
4,2,2,3,3,3,2,3,0,1
4,2,2,3,4,1,2,3,0,1
4,2,2,3,4,3,2,1,0,1
4,2,2,3,4,3,2,2,0,1
4,2,2,3,5,2,1,1,1,4
4,2,2,3,5,2,1,2,0,3
4,2,2,3,5,2,1,3,3,6
4,2,2,3,5,2,2,1,1,5
4,2,2,3,5,2,2,2,0,5
4,2,2,3,5,2,2,3,0,4
4,2,2,3,5,2,2,4,1,2
4,2,2,3,5,2,2,6,0,1
4,2,2,3,5,3,2,1,0,2
4,2,2,3,5,3,2,2,0,1
4,2,2,3,5,3,2,3,0,1
4,2,2,3,5,4,1,3,1,2
4,2,2,3,5,4,2,1,0,1
4,2,2,3,5,5,1,2,0,1
4,2,2,3,5,5,1,3,1,2
4,2,2,3,5,5,2,2,0,1
4,2,2,4,1,1,2,2,0,1
4,2,2,4,1,1,2,3,0,1
4,2,2,4,1,1,2,4,0,1
4,2,2,4,1,2,1,1,1,4
4,2,2,4,1,2,1,2,0,2
4,2,2,4,1,2,1,3,2,4
4,2,2,4,1,2,1,4,1,1
4,2,2,4,1,2,1,5,2,2
4,2,2,4,1,2,2,1,1,6
4,2,2,4,1,2,2,2,2,7
4,2,2,4,1,2,2,3,3,3
4,2,2,4,1,2,2,4,3,4
4,2,2,4,1,2,2,5,2,2
4,2,2,4,1,3,2,1,0,1
4,2,2,4,1,4,2,2,0,1
4,2,2,4,1,4,2,5,1,1
4,2,2,4,1,5,1,3,0,1
4,2,2,4,1,5,2,3,0,1
4,2,2,4,3,2,2,4,1,1
4,2,2,4,5,1,2,3,1,1
4,2,2,4,5,2,1,1,1,2
4,2,2,4,5,2,1,2,0,1
4,2,2,4,5,2,1,3,1,3
4,2,2,4,5,2,2,1,0,1
4,2,2,4,5,2,2,2,0,2
4,2,2,4,5,2,2,3,1,3
4,2,2,4,5,2,2,5,1,1
4,2,2,4,5,3,2,3,0,1
4,2,2,4,5,4,1,3,0,2
4,2,2,4,5,5,1,3,0,1
4,2,2,4,5,5,2,2,0,2
4,2,2,5,1,1,1,3,1,1
4,2,2,5,1,1,1,5,1,1
4,2,2,5,1,2,1,1,2,6
4,2,2,5,1,2,1,2,5,15
4,2,2,5,1,2,1,3,14,20
4,2,2,5,1,2,1,4,9,9
4,2,2,5,1,2,1,5,1,1
4,2,2,5,1,2,2,1,0,12
4,2,2,5,1,2,2,2,1,10
4,2,2,5,1,2,2,3,4,13
4,2,2,5,1,2,2,4,3,3
4,2,2,5,1,2,2,5,4,4
4,2,2,5,1,2,2,6,0,2
4,2,2,5,1,3,1,1,0,1
4,2,2,5,1,3,1,2,0,1
4,2,2,5,1,3,1,3,0,1
4,2,2,5,1,3,2,2,0,1
4,2,2,5,1,3,2,3,0,1
4,2,2,5,1,4,1,2,0,1
4,2,2,5,1,4,1,3,2,3
4,2,2,5,1,4,1,4,0,1
4,2,2,5,1,4,1,5,1,1
4,2,2,5,1,4,2,1,0,1
4,2,2,5,1,4,2,2,0,1
4,2,2,5,1,4,2,3,1,3
4,2,2,5,1,5,1,2,0,1
4,2,2,5,1,5,1,3,2,3
4,2,2,5,2,3,2,3,0,1
4,2,2,5,3,2,1,1,0,1
4,2,2,5,3,2,1,2,0,1
4,2,2,5,3,2,1,4,1,1
4,2,2,5,3,2,2,3,0,1
4,2,2,5,4,2,1,1,0,1
4,2,2,5,4,2,1,3,0,1
4,2,2,5,5,2,1,1,0,5
4,2,2,5,5,2,1,2,0,3
4,2,2,5,5,2,1,3,4,6
4,2,2,5,5,2,1,4,2,3
4,2,2,5,5,2,2,1,0,4
4,2,2,5,5,2,2,2,0,4
4,2,2,5,5,2,2,3,0,2
4,2,2,5,5,3,2,2,0,1
4,2,2,5,5,3,2,5,0,1
4,2,2,5,5,4,1,1,0,1
4,2,2,5,5,5,1,5,0,1
4,2,2,6,1,1,1,3,0,1
4,2,2,6,1,1,1,4,1,1
4,2,2,6,1,1,2,3,1,2
4,2,2,6,1,1,2,5,1,1
4,2,2,6,1,2,1,1,0,1
4,2,2,6,1,2,1,2,0,4
4,2,2,6,1,2,1,3,1,1
4,2,2,6,1,2,1,4,3,4
4,2,2,6,1,2,1,5,6,6
4,2,2,6,1,2,2,1,0,2
4,2,2,6,1,2,2,4,3,3
4,2,2,6,1,2,2,5,1,1
4,2,2,6,2,1,2,3,0,1
4,2,2,6,3,2,1,4,0,1
4,2,2,6,3,4,1,3,0,1
4,2,2,6,5,1,2,1,0,1
4,2,2,6,5,1,2,4,0,1
4,2,2,6,5,2,1,2,0,1
4,2,2,6,5,2,1,4,0,1
4,2,2,6,5,2,2,1,0,3
4,2,2,6,5,2,2,2,0,1
4,2,2,6,5,2,2,3,2,2
4,2,2,6,5,2,2,5,1,3
4,2,2,6,5,3,1,6,0,1
4,2,2,6,5,3,2,1,0,1
4,2,2,6,5,3,2,2,0,2
4,2,2,6,5,3,2,3,0,1
4,2,2,6,5,3,2,4,0,1
4,2,2,6,5,4,1,3,0,1
4,2,2,6,5,5,1,3,0,1
4,2,2,6,5,5,2,1,0,1
4,2,3,1,1,2,1,2,1,1
4,2,3,1,1,2,1,3,1,1
4,2,3,1,1,2,2,1,0,1
4,2,3,1,3,1,1,4,1,1
4,2,3,1,3,2,1,4,1,1
4,2,3,1,3,2,2,2,0,1
4,2,3,1,3,2,2,3,1,1
4,2,3,1,4,3,1,4,0,1
4,2,3,1,5,1,1,1,0,1
4,2,3,1,5,1,1,2,0,1
4,2,3,1,5,1,1,4,1,1
4,2,3,1,5,1,2,5,1,1
4,2,3,1,5,2,1,1,0,1
4,2,3,1,5,2,1,3,1,2
4,2,3,1,5,2,1,4,1,1
4,2,3,1,5,2,1,5,1,1
4,2,3,1,5,2,2,4,1,1
4,2,3,1,5,2,2,5,0,1
4,2,3,1,5,3,1,6,0,1
4,2,3,1,5,3,2,2,0,1
4,2,3,1,5,4,1,2,0,1
4,2,3,2,1,1,1,3,1,1
4,2,3,2,1,1,2,3,1,1
4,2,3,2,1,2,1,1,0,3
4,2,3,2,1,2,1,2,1,3
4,2,3,2,1,2,1,4,2,3
4,2,3,2,1,2,1,5,2,2
4,2,3,2,1,2,2,2,0,2
4,2,3,2,1,2,2,3,0,2
4,2,3,2,1,2,2,4,1,1
4,2,3,2,1,2,2,5,1,1
4,2,3,2,1,2,2,6,0,2
4,2,3,2,1,4,1,4,1,1
4,2,3,2,1,4,1,5,1,1
4,2,3,2,1,4,2,4,0,1
4,2,3,2,1,5,2,2,0,1
4,2,3,2,1,5,2,5,2,2
4,2,3,2,2,2,2,2,0,1
4,2,3,2,2,2,2,4,0,1
4,2,3,2,3,1,1,4,0,1
4,2,3,2,3,2,1,2,1,1
4,2,3,2,3,2,1,3,1,3
4,2,3,2,3,2,1,4,0,1
4,2,3,2,3,2,2,3,1,3
4,2,3,2,3,2,2,4,1,1
4,2,3,2,3,2,2,5,0,1
4,2,3,2,3,5,2,1,0,1
4,2,3,2,4,1,2,5,1,1
4,2,3,2,4,2,2,1,0,1
4,2,3,2,4,3,2,1,0,1
4,2,3,2,5,1,1,1,0,1
4,2,3,2,5,2,1,1,0,1
4,2,3,2,5,2,1,2,1,2
4,2,3,2,5,2,1,3,4,7
4,2,3,2,5,2,1,4,4,5
4,2,3,2,5,2,1,5,2,2
4,2,3,2,5,2,2,1,0,3
4,2,3,2,5,2,2,2,2,2
4,2,3,2,5,2,2,3,1,2
4,2,3,2,5,2,2,4,1,2
4,2,3,2,5,3,2,3,0,1
4,2,3,2,5,3,2,4,0,2
4,2,3,2,5,4,2,3,1,1
4,2,3,3,1,1,1,1,1,1
4,2,3,3,1,2,1,1,1,2
4,2,3,3,1,2,1,2,1,3
4,2,3,3,1,2,1,3,3,5
4,2,3,3,1,2,1,4,7,10
4,2,3,3,1,2,1,5,2,2
4,2,3,3,1,2,2,1,1,3
4,2,3,3,1,2,2,2,2,5
4,2,3,3,1,2,2,3,5,9
4,2,3,3,1,2,2,4,5,5
4,2,3,3,1,2,2,5,4,4
4,2,3,3,1,2,2,6,0,1
4,2,3,3,1,3,1,2,0,1
4,2,3,3,1,3,1,3,0,1
4,2,3,3,1,3,1,4,0,1
4,2,3,3,1,3,1,6,0,1
4,2,3,3,1,3,2,3,0,1
4,2,3,3,1,4,1,3,0,1
4,2,3,3,1,4,1,4,1,2
4,2,3,3,1,4,1,5,0,1
4,2,3,3,1,4,2,3,1,2
4,2,3,3,1,4,2,4,1,1
4,2,3,3,1,5,1,3,0,1
4,2,3,3,1,5,1,4,0,1
4,2,3,3,1,5,2,3,1,1
4,2,3,3,2,2,1,2,0,1
4,2,3,3,2,2,1,3,1,1
4,2,3,3,3,1,1,2,1,1
4,2,3,3,3,2,1,2,1,1
4,2,3,3,3,2,1,3,2,2
4,2,3,3,3,2,1,6,1,1
4,2,3,3,3,2,2,1,0,1
4,2,3,3,3,2,2,2,1,2
4,2,3,3,3,2,2,3,1,2
4,2,3,3,3,2,2,4,1,1
4,2,3,3,3,2,2,5,1,1
4,2,3,3,4,2,1,3,1,1
4,2,3,3,5,1,2,4,1,1
4,2,3,3,5,2,1,1,0,2
4,2,3,3,5,2,1,2,0,2
4,2,3,3,5,2,1,3,3,7
4,2,3,3,5,2,1,4,2,3
4,2,3,3,5,2,1,5,1,1
4,2,3,3,5,2,2,1,1,3
4,2,3,3,5,2,2,2,0,4
4,2,3,3,5,2,2,3,1,3
4,2,3,3,5,2,2,4,2,3
4,2,3,3,5,2,2,5,0,1
4,2,3,3,5,2,2,6,0,1
4,2,3,3,5,3,1,3,1,2
4,2,3,3,5,3,2,1,0,1
4,2,3,3,5,3,2,3,0,2
4,2,3,3,5,4,1,3,1,2
4,2,3,3,5,4,2,1,0,1
4,2,3,3,5,4,2,2,0,1
4,2,3,3,5,4,2,4,0,1
4,2,3,3,5,5,2,3,1,1
4,2,3,4,1,1,1,4,1,1
4,2,3,4,1,1,2,3,1,1
4,2,3,4,1,1,2,4,0,2
4,2,3,4,1,2,1,2,1,3
4,2,3,4,1,2,1,3,0,3
4,2,3,4,1,2,1,4,10,10
4,2,3,4,1,2,1,5,2,2
4,2,3,4,1,2,2,1,0,4
4,2,3,4,1,2,2,2,0,3
4,2,3,4,1,2,2,3,2,5
4,2,3,4,1,2,2,4,2,3
4,2,3,4,1,2,2,5,1,1
4,2,3,4,1,3,1,3,0,2
4,2,3,4,1,3,1,4,1,1
4,2,3,4,1,3,2,3,0,1
4,2,3,4,1,3,2,6,1,1
4,2,3,4,1,4,1,4,1,1
4,2,3,4,1,5,1,1,0,1
4,2,3,4,1,5,1,3,0,1
4,2,3,4,3,2,1,1,0,1
4,2,3,4,3,2,1,2,0,1
4,2,3,4,3,3,2,3,0,1
4,2,3,4,3,4,2,1,0,1
4,2,3,4,5,1,2,5,0,1
4,2,3,4,5,2,1,1,0,1
4,2,3,4,5,2,1,2,1,3
4,2,3,4,5,2,1,3,0,1
4,2,3,4,5,2,1,4,2,2
4,2,3,4,5,2,2,1,0,1
4,2,3,4,5,2,2,2,0,1
4,2,3,4,5,3,2,3,0,2
4,2,3,4,5,4,1,3,0,1
4,2,3,4,5,4,1,4,0,1
4,2,3,4,5,4,2,2,0,1
4,2,3,4,5,5,1,2,0,1
4,2,3,4,5,5,1,4,0,1
4,2,3,5,1,1,1,1,0,1
4,2,3,5,1,1,1,2,1,1
4,2,3,5,1,1,1,3,3,3
4,2,3,5,1,1,1,4,5,5
4,2,3,5,1,1,1,5,1,1
4,2,3,5,1,1,2,1,0,1
4,2,3,5,1,1,2,3,0,2
4,2,3,5,1,1,2,4,1,1
4,2,3,5,1,2,1,1,0,4
4,2,3,5,1,2,1,2,2,27
4,2,3,5,1,2,1,3,16,27
4,2,3,5,1,2,1,4,26,30
4,2,3,5,1,2,1,5,11,12
4,2,3,5,1,2,2,1,0,12
4,2,3,5,1,2,2,2,3,13
4,2,3,5,1,2,2,3,10,24
4,2,3,5,1,2,2,4,7,8
4,2,3,5,1,2,2,5,5,5
4,2,3,5,1,3,1,1,0,1
4,2,3,5,1,3,1,3,0,3
4,2,3,5,1,3,2,1,0,2
4,2,3,5,1,3,2,2,0,2
4,2,3,5,1,3,2,3,0,2
4,2,3,5,1,4,1,1,0,1
4,2,3,5,1,4,1,2,0,1
4,2,3,5,1,4,1,3,2,2
4,2,3,5,1,4,1,4,1,1
4,2,3,5,1,4,1,5,1,1
4,2,3,5,1,4,2,1,0,1
4,2,3,5,1,4,2,3,1,4
4,2,3,5,1,5,1,2,0,1
4,2,3,5,1,5,1,3,0,3
4,2,3,5,1,5,1,4,2,2
4,2,3,5,1,5,2,2,0,1
4,2,3,5,1,5,2,4,1,1
4,2,3,5,3,2,1,3,1,1
4,2,3,5,3,2,1,4,1,1
4,2,3,5,3,2,1,5,3,3
4,2,3,5,3,2,2,1,0,1
4,2,3,5,3,2,2,2,0,1
4,2,3,5,3,2,2,3,2,2
4,2,3,5,3,2,2,5,1,2
4,2,3,5,3,3,1,3,1,1
4,2,3,5,3,3,2,2,0,1
4,2,3,5,3,4,2,3,0,1
4,2,3,5,4,2,1,2,0,1
4,2,3,5,5,1,2,3,1,2
4,2,3,5,5,1,2,5,1,1
4,2,3,5,5,2,1,2,1,6
4,2,3,5,5,2,1,3,2,4
4,2,3,5,5,2,1,4,4,4
4,2,3,5,5,2,1,5,1,1
4,2,3,5,5,2,2,1,0,2
4,2,3,5,5,2,2,2,0,2
4,2,3,5,5,2,2,3,3,6
4,2,3,5,5,2,2,4,3,3
4,2,3,5,5,3,1,3,0,1
4,2,3,5,5,3,2,2,0,1
4,2,3,5,5,4,1,2,0,1
4,2,3,5,5,4,1,3,0,1
4,2,3,5,5,5,2,2,0,1
4,2,3,6,1,1,1,3,1,2
4,2,3,6,1,1,1,4,0,1
4,2,3,6,1,1,1,5,2,2
4,2,3,6,1,1,1,6,1,1
4,2,3,6,1,1,2,3,0,1
4,2,3,6,1,2,1,1,0,2
4,2,3,6,1,2,1,2,1,5
4,2,3,6,1,2,1,3,7,11
4,2,3,6,1,2,1,4,6,6
4,2,3,6,1,2,1,5,8,8
4,2,3,6,1,2,2,1,0,2
4,2,3,6,1,2,2,2,0,5
4,2,3,6,1,2,2,3,2,5
4,2,3,6,1,2,2,4,3,4
4,2,3,6,1,2,2,5,5,5
4,2,3,6,1,4,1,3,2,3
4,2,3,6,1,4,1,4,1,1
4,2,3,6,1,4,2,4,0,1
4,2,3,6,1,4,2,5,1,1
4,2,3,6,1,5,1,1,0,1
4,2,3,6,1,5,1,3,0,1
4,2,3,6,1,5,2,3,0,1
4,2,3,6,1,5,2,5,1,1
4,2,3,6,2,2,1,3,0,1
4,2,3,6,3,1,2,6,0,1
4,2,3,6,3,2,1,1,0,1
4,2,3,6,3,2,1,3,2,2
4,2,3,6,3,2,2,3,0,1
4,2,3,6,3,3,2,2,0,1
4,2,3,6,5,1,1,4,1,1
4,2,3,6,5,1,2,3,2,3
4,2,3,6,5,2,1,1,1,4
4,2,3,6,5,2,1,3,1,3
4,2,3,6,5,2,1,4,2,3
4,2,3,6,5,2,1,5,2,2
4,2,3,6,5,2,2,2,0,4
4,2,3,6,5,2,2,3,0,3
4,2,3,6,5,2,2,5,0,1
4,2,3,6,5,3,1,3,1,2
4,2,3,6,5,4,2,6,0,1
4,2,4,1,1,2,1,4,2,2
4,2,4,1,1,2,2,3,0,2
4,2,4,1,2,1,1,3,1,1
4,2,4,1,2,2,2,1,0,1
4,2,4,1,2,2,2,3,0,1
4,2,4,1,3,2,1,4,1,1
4,2,4,1,3,2,2,5,1,1
4,2,4,1,3,3,2,3,0,1
4,2,4,1,3,4,2,5,1,1
4,2,4,1,5,1,1,3,1,1
4,2,4,1,5,2,1,1,0,1
4,2,4,1,5,2,1,3,0,1
4,2,4,1,5,2,1,4,1,1
4,2,4,1,5,2,2,1,0,1
4,2,4,1,5,2,2,2,0,1
4,2,4,1,5,2,2,3,0,2
4,2,4,1,5,2,2,4,1,1
4,2,4,1,5,3,2,2,0,1
4,2,4,1,5,4,1,3,0,1
4,2,4,2,1,1,1,2,0,1
4,2,4,2,1,1,1,3,1,1
4,2,4,2,1,1,2,2,0,1
4,2,4,2,1,2,1,1,0,1
4,2,4,2,1,2,1,3,4,7
4,2,4,2,1,2,1,4,4,4
4,2,4,2,1,2,1,5,0,1
4,2,4,2,1,2,2,2,0,1
4,2,4,2,1,2,2,3,0,3
4,2,4,2,1,2,2,4,4,4
4,2,4,2,1,2,2,5,3,5
4,2,4,2,1,3,1,3,1,1
4,2,4,2,1,4,1,4,1,1
4,2,4,2,2,1,2,3,0,1
4,2,4,2,2,1,2,6,0,1
4,2,4,2,2,2,2,3,0,1
4,2,4,2,2,3,2,4,0,1
4,2,4,2,3,1,2,5,0,1
4,2,4,2,3,2,1,2,1,1
4,2,4,2,3,2,1,3,3,3
4,2,4,2,3,2,1,4,2,2
4,2,4,2,3,2,1,5,1,1
4,2,4,2,3,2,2,2,0,1
4,2,4,2,3,2,2,3,4,6
4,2,4,2,3,2,2,4,0,1
4,2,4,2,3,3,1,1,0,2
4,2,4,2,3,3,1,2,0,1
4,2,4,2,3,3,2,2,0,1
4,2,4,2,3,4,1,3,1,1
4,2,4,2,3,5,2,3,0,1
4,2,4,2,4,2,2,3,0,1
4,2,4,2,4,3,1,3,1,1
4,2,4,2,5,1,1,3,0,1
4,2,4,2,5,2,1,1,1,1
4,2,4,2,5,2,1,2,0,1
4,2,4,2,5,2,1,3,4,7
4,2,4,2,5,2,1,4,1,2
4,2,4,2,5,2,1,5,1,1
4,2,4,2,5,2,2,1,0,2
4,2,4,2,5,2,2,2,1,3
4,2,4,2,5,2,2,3,1,9
4,2,4,2,5,2,2,4,1,2
4,2,4,2,5,3,1,2,0,1
4,2,4,2,5,3,1,5,1,1
4,2,4,2,5,3,2,2,0,1
4,2,4,2,5,4,1,4,1,1
4,2,4,3,1,1,1,3,2,2
4,2,4,3,1,1,1,4,3,3
4,2,4,3,1,1,2,3,1,2
4,2,4,3,1,1,2,4,1,1
4,2,4,3,1,2,1,1,0,3
4,2,4,3,1,2,1,2,1,5
4,2,4,3,1,2,1,3,4,7
4,2,4,3,1,2,1,4,10,10
4,2,4,3,1,2,1,5,4,4
4,2,4,3,1,2,2,1,0,2
4,2,4,3,1,2,2,2,1,7
4,2,4,3,1,2,2,3,3,7
4,2,4,3,1,2,2,4,5,7
4,2,4,3,1,2,2,5,2,2
4,2,4,3,1,3,1,2,0,2
4,2,4,3,1,3,1,4,0,1
4,2,4,3,1,3,1,5,1,1
4,2,4,3,1,3,2,3,0,1
4,2,4,3,1,3,2,6,0,1
4,2,4,3,1,4,1,3,0,1
4,2,4,3,1,5,2,5,0,1
4,2,4,3,2,1,1,3,1,1
4,2,4,3,2,1,2,3,0,1
4,2,4,3,2,2,1,2,0,1
4,2,4,3,2,2,1,3,1,1
4,2,4,3,2,2,2,1,0,1
4,2,4,3,2,2,2,3,1,2
4,2,4,3,2,2,2,4,0,1
4,2,4,3,2,3,2,3,0,1
4,2,4,3,3,2,1,1,0,2
4,2,4,3,3,2,1,2,0,1
4,2,4,3,3,2,1,3,1,4
4,2,4,3,3,2,1,4,1,1
4,2,4,3,3,2,2,1,0,2
4,2,4,3,3,2,2,2,0,2
4,2,4,3,3,2,2,3,1,2
4,2,4,3,3,2,2,4,1,3
4,2,4,3,3,3,1,3,0,3
4,2,4,3,3,3,1,4,1,1
4,2,4,3,4,4,2,3,0,1
4,2,4,3,5,1,1,2,0,1
4,2,4,3,5,1,1,4,2,2
4,2,4,3,5,2,1,1,0,1
4,2,4,3,5,2,1,2,0,4
4,2,4,3,5,2,1,3,2,3
4,2,4,3,5,2,1,4,3,3
4,2,4,3,5,2,1,5,1,1
4,2,4,3,5,2,2,1,0,1
4,2,4,3,5,2,2,2,0,1
4,2,4,3,5,2,2,3,0,3
4,2,4,3,5,2,2,4,2,2
4,2,4,3,5,2,2,5,1,1
4,2,4,3,5,3,1,1,0,1
4,2,4,3,5,3,2,2,0,1
4,2,4,3,5,3,2,3,0,1
4,2,4,3,5,4,2,4,0,1
4,2,4,4,1,1,1,3,1,2
4,2,4,4,1,2,1,1,0,1
4,2,4,4,1,2,1,2,0,1
4,2,4,4,1,2,1,3,2,3
4,2,4,4,1,2,1,4,6,8
4,2,4,4,1,2,1,5,1,1
4,2,4,4,1,2,2,2,0,5
4,2,4,4,1,2,2,3,2,5
4,2,4,4,1,2,2,4,4,4
4,2,4,4,1,2,2,5,1,2
4,2,4,4,1,3,1,2,0,1
4,2,4,4,1,3,2,3,0,1
4,2,4,4,1,3,2,5,0,1
4,2,4,4,1,4,1,3,1,2
4,2,4,4,1,5,1,4,1,1
4,2,4,4,1,5,2,3,0,2
4,2,4,4,1,5,2,5,0,1
4,2,4,4,2,2,1,2,0,1
4,2,4,4,3,2,1,3,1,1
4,2,4,4,3,2,1,4,2,2
4,2,4,4,3,2,1,5,1,1
4,2,4,4,3,3,2,2,0,1
4,2,4,4,5,2,1,3,2,3
4,2,4,4,5,2,1,4,2,2
4,2,4,4,5,2,1,5,1,1
4,2,4,4,5,2,2,1,0,1
4,2,4,4,5,2,2,2,0,1
4,2,4,4,5,2,2,4,0,1
4,2,4,4,5,3,2,4,0,1
4,2,4,4,5,4,1,2,0,1
4,2,4,5,1,1,1,3,5,8
4,2,4,5,1,1,1,4,2,2
4,2,4,5,1,1,1,6,2,2
4,2,4,5,1,1,2,3,1,1
4,2,4,5,1,1,2,4,1,1
4,2,4,5,1,1,2,5,1,1
4,2,4,5,1,2,1,1,0,7
4,2,4,5,1,2,1,2,0,9
4,2,4,5,1,2,1,3,22,44
4,2,4,5,1,2,1,4,25,27
4,2,4,5,1,2,1,5,11,11
4,2,4,5,1,2,2,1,1,10
4,2,4,5,1,2,2,2,2,19
4,2,4,5,1,2,2,3,15,37
4,2,4,5,1,2,2,4,13,16
4,2,4,5,1,2,2,5,4,4
4,2,4,5,1,2,2,6,1,1
4,2,4,5,1,3,1,3,0,5
4,2,4,5,1,3,2,3,1,2
4,2,4,5,1,4,1,1,0,1
4,2,4,5,1,4,1,2,1,1
4,2,4,5,1,4,1,3,0,1
4,2,4,5,1,4,1,4,1,1
4,2,4,5,1,4,1,5,1,1
4,2,4,5,1,4,2,1,0,1
4,2,4,5,1,4,2,2,0,1
4,2,4,5,1,4,2,3,1,2
4,2,4,5,1,5,1,3,1,2
4,2,4,5,1,5,1,4,0,1
4,2,4,5,1,5,2,3,0,2
4,2,4,5,1,5,2,5,1,1
4,2,4,5,2,2,1,3,1,1
4,2,4,5,2,2,1,4,1,1
4,2,4,5,2,2,2,1,0,1
4,2,4,5,2,2,2,3,1,2
4,2,4,5,2,4,1,3,0,1
4,2,4,5,3,2,1,2,0,1
4,2,4,5,3,2,1,3,3,4
4,2,4,5,3,2,1,4,1,2
4,2,4,5,3,2,2,2,1,1
4,2,4,5,3,2,2,3,2,2
4,2,4,5,3,2,2,4,3,4
4,2,4,5,3,3,1,2,0,1
4,2,4,5,3,4,2,3,0,1
4,2,4,5,3,5,1,3,0,1
4,2,4,5,4,2,1,4,1,1
4,2,4,5,5,2,1,3,1,2
4,2,4,5,5,2,1,4,1,1
4,2,4,5,5,2,2,2,0,1
4,2,4,5,5,2,2,3,2,4
4,2,4,5,5,2,2,4,2,2
4,2,4,5,5,2,2,5,1,1
4,2,4,5,5,3,2,2,0,1
4,2,4,5,5,4,1,2,0,1
4,2,4,6,1,1,1,3,3,3
4,2,4,6,1,1,1,4,1,1
4,2,4,6,1,1,1,5,1,1
4,2,4,6,1,1,2,3,1,1
4,2,4,6,1,1,2,4,1,1
4,2,4,6,1,2,1,1,0,2
4,2,4,6,1,2,1,2,0,2
4,2,4,6,1,2,1,3,2,8
4,2,4,6,1,2,1,4,8,8
4,2,4,6,1,2,1,5,2,2
4,2,4,6,1,2,1,6,0,2
4,2,4,6,1,2,2,1,0,5
4,2,4,6,1,2,2,2,0,5
4,2,4,6,1,2,2,3,7,13
4,2,4,6,1,2,2,4,7,8
4,2,4,6,1,2,2,5,4,4
4,2,4,6,1,3,1,2,0,2
4,2,4,6,1,3,1,3,0,1
4,2,4,6,1,3,1,4,0,1
4,2,4,6,1,3,2,3,0,1
4,2,4,6,1,4,1,3,0,2
4,2,4,6,1,4,1,4,0,1
4,2,4,6,1,4,1,5,1,1
4,2,4,6,1,4,2,3,0,2
4,2,4,6,1,5,1,2,0,1
4,2,4,6,2,2,1,4,1,1
4,2,4,6,3,2,1,3,1,2
4,2,4,6,3,2,1,4,1,1
4,2,4,6,3,2,2,1,0,1
4,2,4,6,3,2,2,3,1,2
4,2,4,6,3,2,2,4,1,1
4,2,4,6,3,2,2,5,1,1
4,2,4,6,3,3,1,2,0,1
4,2,4,6,4,2,1,5,0,1
4,2,4,6,5,2,1,2,0,1
4,2,4,6,5,2,1,3,1,4
4,2,4,6,5,2,1,4,2,3
4,2,4,6,5,2,2,2,0,1
4,2,4,6,5,2,2,3,1,3
4,2,4,6,5,2,2,5,1,1
4,2,4,6,5,3,1,1,0,1
4,2,4,6,5,3,1,2,0,1
4,2,4,6,5,3,2,2,0,1
4,2,4,6,5,3,2,3,0,1
4,2,5,1,1,2,2,3,1,1
4,2,5,1,2,1,2,4,1,1
4,2,5,1,3,2,1,3,2,2
4,2,5,1,3,2,1,4,1,1
4,2,5,1,3,2,2,1,0,1
4,2,5,1,3,2,2,4,1,1
4,2,5,1,3,3,2,3,0,1
4,2,5,1,3,3,2,4,0,1
4,2,5,1,5,2,1,4,1,1
4,2,5,1,5,2,2,4,1,1
4,2,5,1,5,3,2,3,0,1
4,2,5,2,1,1,1,5,1,1
4,2,5,2,1,2,1,2,0,1
4,2,5,2,1,2,1,3,3,10
4,2,5,2,1,2,1,4,2,2
4,2,5,2,1,2,1,5,2,2
4,2,5,2,1,2,2,1,0,4
4,2,5,2,1,2,2,2,0,5
4,2,5,2,1,2,2,3,1,2
4,2,5,2,1,2,2,4,2,2
4,2,5,2,1,2,2,5,0,1
4,2,5,2,1,3,1,3,0,1
4,2,5,2,1,3,1,4,0,1
4,2,5,2,1,3,2,3,0,2
4,2,5,2,1,4,2,3,0,1
4,2,5,2,2,1,2,3,0,1
4,2,5,2,2,2,1,3,0,2
4,2,5,2,2,2,1,4,3,5
4,2,5,2,2,2,2,2,0,7
4,2,5,2,2,2,2,3,0,2
4,2,5,2,2,3,2,3,0,2
4,2,5,2,2,3,2,4,0,1
4,2,5,2,3,1,1,4,2,2
4,2,5,2,3,1,2,5,1,1
4,2,5,2,3,2,1,2,0,1
4,2,5,2,3,2,1,3,0,1
4,2,5,2,3,2,1,4,3,4
4,2,5,2,3,2,2,1,0,1
4,2,5,2,3,2,2,2,0,3
4,2,5,2,3,2,2,3,1,1
4,2,5,2,3,2,2,4,1,2
4,2,5,2,3,2,2,5,1,1
4,2,5,2,3,3,1,2,0,1
4,2,5,2,3,3,2,2,0,1
4,2,5,2,3,3,2,3,0,1
4,2,5,2,3,3,2,6,0,1
4,2,5,2,4,2,1,3,1,2
4,2,5,2,5,1,1,4,1,1
4,2,5,2,5,2,1,1,0,1
4,2,5,2,5,2,1,2,1,2
4,2,5,2,5,2,1,3,2,3
4,2,5,2,5,2,1,4,2,2
4,2,5,2,5,2,2,1,1,2
4,2,5,2,5,2,2,2,1,1
4,2,5,2,5,2,2,3,1,3
4,2,5,2,5,2,2,4,0,2
4,2,5,2,5,3,2,1,0,1
4,2,5,2,5,3,2,3,0,3
4,2,5,2,5,4,2,1,0,1
4,2,5,3,1,1,1,5,1,1
4,2,5,3,1,1,2,1,0,1
4,2,5,3,1,1,2,4,0,1
4,2,5,3,1,2,1,1,0,1
4,2,5,3,1,2,1,2,0,6
4,2,5,3,1,2,1,3,7,17
4,2,5,3,1,2,1,4,22,24
4,2,5,3,1,2,1,5,1,1
4,2,5,3,1,2,1,6,0,1
4,2,5,3,1,2,2,1,0,1
4,2,5,3,1,2,2,2,0,2
4,2,5,3,1,2,2,3,1,5
4,2,5,3,1,2,2,4,8,9
4,2,5,3,1,2,2,5,1,1
4,2,5,3,1,3,1,2,0,1
4,2,5,3,1,3,1,3,0,1
4,2,5,3,1,3,1,4,1,1
4,2,5,3,1,3,2,3,0,1
4,2,5,3,1,4,1,3,0,1
4,2,5,3,1,4,1,4,1,1
4,2,5,3,1,4,1,5,1,1
4,2,5,3,1,4,2,3,1,1
4,2,5,3,2,2,1,2,0,1
4,2,5,3,2,2,1,3,0,1
4,2,5,3,2,2,1,4,5,5
4,2,5,3,2,2,2,3,1,4
4,2,5,3,2,2,2,4,0,1
4,2,5,3,2,3,1,2,0,1
4,2,5,3,2,3,2,3,0,1
4,2,5,3,3,2,1,1,0,2
4,2,5,3,3,2,1,3,2,3
4,2,5,3,3,2,1,4,3,3
4,2,5,3,3,2,2,1,0,1
4,2,5,3,3,2,2,2,0,2
4,2,5,3,3,2,2,3,0,4
4,2,5,3,3,2,2,4,1,1
4,2,5,3,3,2,2,5,1,1
4,2,5,3,3,3,1,4,1,1
4,2,5,3,3,4,2,2,0,1
4,2,5,3,4,2,2,4,1,1
4,2,5,3,5,2,1,2,0,1
4,2,5,3,5,2,1,3,2,2
4,2,5,3,5,2,2,2,0,1
4,2,5,3,5,3,1,2,0,1
4,2,5,3,5,4,2,3,0,1
4,2,5,4,1,1,1,4,1,1
4,2,5,4,1,1,2,3,0,1
4,2,5,4,1,1,2,4,1,1
4,2,5,4,1,2,1,1,0,1
4,2,5,4,1,2,1,2,0,5
4,2,5,4,1,2,1,3,6,13
4,2,5,4,1,2,1,4,15,16
4,2,5,4,1,2,1,5,2,2
4,2,5,4,1,2,2,2,0,3
4,2,5,4,1,2,2,3,2,3
4,2,5,4,1,2,2,4,4,6
4,2,5,4,1,3,1,3,0,2
4,2,5,4,1,4,1,3,1,1
4,2,5,4,1,4,1,4,0,1
4,2,5,4,2,2,2,1,0,1
4,2,5,4,2,2,2,2,1,1
4,2,5,4,2,2,2,3,1,3
4,2,5,4,3,2,1,1,0,1
4,2,5,4,3,2,1,3,0,1
4,2,5,4,3,2,1,4,0,1
4,2,5,4,3,2,2,1,0,1
4,2,5,4,3,2,2,4,1,1
4,2,5,4,4,2,1,2,0,1
4,2,5,4,4,2,2,3,0,1
4,2,5,4,5,2,1,3,1,1
4,2,5,4,5,2,1,4,2,2
4,2,5,4,5,2,2,2,1,1
4,2,5,5,1,1,1,1,0,1
4,2,5,5,1,1,1,4,2,2
4,2,5,5,1,1,2,1,1,2
4,2,5,5,1,1,2,2,0,1
4,2,5,5,1,1,2,3,1,1
4,2,5,5,1,1,2,4,0,1
4,2,5,5,1,2,1,1,0,8
4,2,5,5,1,2,1,2,3,18
4,2,5,5,1,2,1,3,17,35
4,2,5,5,1,2,1,4,36,36
4,2,5,5,1,2,1,5,2,2
4,2,5,5,1,2,2,1,1,7
4,2,5,5,1,2,2,2,1,12
4,2,5,5,1,2,2,3,6,12
4,2,5,5,1,2,2,4,11,13
4,2,5,5,1,3,1,1,0,1
4,2,5,5,1,3,1,2,0,2
4,2,5,5,1,3,1,3,0,2
4,2,5,5,1,3,1,4,0,1
4,2,5,5,1,3,1,5,1,1
4,2,5,5,1,3,2,2,0,1
4,2,5,5,1,4,1,2,0,1
4,2,5,5,1,4,1,3,0,2
4,2,5,5,1,4,1,4,0,1
4,2,5,5,1,4,2,2,0,1
4,2,5,5,1,5,1,2,0,1
4,2,5,5,2,1,1,3,1,1
4,2,5,5,2,2,1,3,0,1
4,2,5,5,2,2,1,4,1,1
4,2,5,5,2,2,2,3,1,1
4,2,5,5,2,2,2,4,1,1
4,2,5,5,2,3,2,2,0,1
4,2,5,5,3,2,1,2,1,2
4,2,5,5,3,2,1,3,0,1
4,2,5,5,3,2,1,4,1,1
4,2,5,5,3,2,1,5,1,1
4,2,5,5,3,2,2,3,1,1
4,2,5,5,3,3,1,3,0,1
4,2,5,5,3,4,2,4,1,1
4,2,5,5,4,2,2,5,1,1
4,2,5,5,5,1,2,3,0,1
4,2,5,5,5,2,1,3,1,1
4,2,5,5,5,2,2,3,0,2
4,2,5,5,5,2,2,4,1,1
4,2,5,5,5,3,2,3,0,1
4,2,5,6,1,1,1,2,0,1
4,2,5,6,1,1,1,3,1,1
4,2,5,6,1,2,1,1,0,1
4,2,5,6,1,2,1,2,0,3
4,2,5,6,1,2,1,3,6,10
4,2,5,6,1,2,1,4,16,16
4,2,5,6,1,2,1,5,2,3
4,2,5,6,1,2,2,1,0,2
4,2,5,6,1,2,2,2,0,1
4,2,5,6,1,2,2,3,6,8
4,2,5,6,1,2,2,4,4,4
4,2,5,6,1,2,2,5,6,6
4,2,5,6,1,2,2,6,1,1
4,2,5,6,1,3,1,3,0,1
4,2,5,6,1,3,2,3,0,2
4,2,5,6,1,4,1,4,0,1
4,2,5,6,1,4,2,3,0,1
4,2,5,6,1,5,1,3,0,1
4,2,5,6,2,1,2,2,0,1
4,2,5,6,2,2,1,3,1,1
4,2,5,6,2,2,1,4,1,2
4,2,5,6,2,2,2,2,0,2
4,2,5,6,2,2,2,3,1,3
4,2,5,6,2,2,2,4,0,1
4,2,5,6,2,3,2,2,0,2
4,2,5,6,2,4,1,5,1,1
4,2,5,6,2,4,2,4,0,1
4,2,5,6,3,2,1,3,1,2
4,2,5,6,3,2,1,4,1,1
4,2,5,6,3,2,2,3,0,1
4,2,5,6,3,2,2,4,4,4
4,2,5,6,3,2,2,6,0,1
4,2,5,6,3,3,1,1,0,1
4,2,5,6,3,3,2,3,0,1
4,2,5,6,4,1,2,3,0,1
4,2,5,6,5,1,2,4,1,1
4,2,5,6,5,2,1,1,1,1
4,2,5,6,5,2,1,2,0,3
4,2,5,6,5,2,1,3,1,2
4,2,5,6,5,2,1,4,1,1
4,2,5,6,5,2,1,5,1,1
4,2,5,6,5,2,2,2,0,1
4,2,5,6,5,2,2,3,3,4
4,2,5,6,5,2,2,4,1,1
4,3,1,1,5,2,1,3,1,1
4,3,1,1,5,3,2,4,0,1
4,3,1,2,1,2,2,5,1,1
4,3,1,2,5,2,1,2,0,1
4,3,1,2,5,2,2,1,1,1
4,3,1,2,5,2,2,2,0,1
4,3,1,2,5,3,2,2,0,1
4,3,1,3,1,2,2,2,0,1
4,3,1,3,5,1,1,2,0,1
4,3,1,3,5,2,1,2,0,1
4,3,1,3,5,2,1,4,1,1
4,3,1,6,5,2,1,3,1,1
4,3,1,6,5,2,2,4,0,1
4,3,2,1,5,2,1,4,1,1
4,3,2,1,5,3,2,6,0,1
4,3,2,2,1,2,2,5,1,1
4,3,2,2,1,3,2,6,1,1
4,3,2,2,3,2,1,3,1,1
4,3,2,2,3,2,1,5,1,1
4,3,2,2,5,2,1,2,0,1
4,3,2,2,5,2,1,3,2,3
4,3,2,2,5,2,1,4,1,1
4,3,2,2,5,2,1,6,1,1
4,3,2,2,5,2,2,3,0,1
4,3,2,2,5,2,2,4,0,1
4,3,2,3,1,1,1,5,1,1
4,3,2,3,1,1,2,3,1,1
4,3,2,3,1,2,1,2,0,1
4,3,2,3,1,2,1,3,1,1
4,3,2,3,1,2,1,5,1,1
4,3,2,3,1,2,2,2,0,1
4,3,2,3,1,2,2,3,0,1
4,3,2,3,1,5,2,2,0,1
4,3,2,3,3,2,1,1,0,1
4,3,2,3,3,3,2,3,0,1
4,3,2,3,5,2,1,3,1,1
4,3,2,3,5,2,1,4,2,2
4,3,2,3,5,2,2,1,0,1
4,3,2,3,5,2,2,3,2,2
4,3,2,4,1,2,1,5,2,2
4,3,2,4,1,2,2,1,0,1
4,3,2,4,1,2,2,2,0,1
4,3,2,4,1,2,2,3,1,3
4,3,2,4,1,2,2,4,0,2
4,3,2,4,1,3,2,2,0,1
4,3,2,4,1,4,1,2,0,1
4,3,2,4,1,5,2,2,0,1
4,3,2,4,3,2,1,4,1,1
4,3,2,4,5,1,1,2,0,1
4,3,2,4,5,2,1,3,0,1
4,3,2,4,5,2,2,1,0,1
4,3,2,4,5,2,2,3,0,1
4,3,2,5,1,2,1,2,1,1
4,3,2,5,1,2,1,3,2,3
4,3,2,5,1,2,1,4,2,2
4,3,2,5,1,2,1,6,1,1
4,3,2,5,1,2,2,2,0,1
4,3,2,5,1,2,2,3,2,3
4,3,2,5,3,1,2,3,1,1
4,3,2,6,1,2,1,4,1,1
4,3,2,6,1,2,2,5,1,1
4,3,2,6,4,1,1,2,1,1
4,3,2,6,5,1,2,1,0,1
4,3,2,6,5,2,1,1,0,1
4,3,2,6,5,2,2,3,0,1
4,3,2,6,5,2,2,4,0,1
4,3,2,6,5,2,2,5,1,1
4,3,3,1,1,2,1,1,1,1
4,3,3,1,1,2,1,3,1,1
4,3,3,1,2,3,2,3,0,1
4,3,3,1,3,2,1,3,1,1
4,3,3,1,5,2,1,5,1,1
4,3,3,2,1,1,1,4,1,1
4,3,3,2,1,2,1,2,0,1
4,3,3,2,1,2,1,5,1,1
4,3,3,2,1,2,2,1,0,1
4,3,3,2,1,2,2,4,1,1
4,3,3,2,1,3,2,3,0,1
4,3,3,2,3,1,1,3,1,1
4,3,3,2,3,2,1,6,1,1
4,3,3,2,3,3,2,3,0,1
4,3,3,2,5,2,1,4,1,1
4,3,3,2,5,2,2,1,0,1
4,3,3,2,5,2,2,3,0,1
4,3,3,2,5,2,2,4,1,1
4,3,3,3,1,1,1,4,1,1
4,3,3,3,1,2,1,3,2,3
4,3,3,3,1,2,1,5,2,2
4,3,3,3,1,2,2,2,0,1
4,3,3,3,1,2,2,3,1,1
4,3,3,3,1,2,2,4,1,1
4,3,3,3,1,2,2,5,1,1
4,3,3,3,3,2,1,4,1,1
4,3,3,3,3,2,2,2,0,2
4,3,3,3,3,2,2,3,0,1
4,3,3,3,5,2,1,2,0,1
4,3,3,3,5,2,1,4,1,1
4,3,3,3,5,2,2,3,1,1
4,3,3,3,5,4,1,4,0,1
4,3,3,4,1,1,2,2,0,1
4,3,3,4,1,2,1,1,0,1
4,3,3,4,1,2,1,5,1,1
4,3,3,4,1,2,2,2,0,1
4,3,3,4,1,2,2,3,0,1
4,3,3,4,1,2,2,4,2,3
4,3,3,4,4,2,1,2,0,1
4,3,3,5,1,2,1,2,1,2
4,3,3,5,1,2,1,3,1,2
4,3,3,5,1,2,1,4,5,5
4,3,3,5,1,2,1,5,6,6
4,3,3,5,1,2,2,1,0,2
4,3,3,5,1,2,2,2,0,4
4,3,3,5,1,2,2,3,2,4
4,3,3,5,1,2,2,4,0,1
4,3,3,5,1,2,2,5,1,1
4,3,3,5,1,3,1,3,0,1
4,3,3,5,1,5,1,4,0,1
4,3,3,5,3,1,1,5,1,1
4,3,3,5,4,3,1,3,0,1
4,3,3,5,5,2,1,3,1,1
4,3,3,5,5,2,1,4,1,1
4,3,3,5,5,4,2,2,0,1
4,3,3,6,1,2,1,3,2,3
4,3,3,6,1,2,1,5,1,1
4,3,3,6,1,2,2,2,0,4
4,3,3,6,1,2,2,3,1,1
4,3,3,6,1,2,2,5,1,1
4,3,3,6,1,3,1,4,1,1
4,3,3,6,2,2,1,4,1,1
4,3,3,6,5,2,1,4,1,1
4,3,3,6,5,2,2,2,0,1
4,3,4,1,1,2,2,5,1,1
4,3,4,1,1,2,2,6,0,1
4,3,4,1,3,2,1,3,1,1
4,3,4,1,3,2,2,4,0,1
4,3,4,1,5,2,1,3,0,1
4,3,4,2,1,2,1,2,0,1
4,3,4,2,1,2,1,3,1,1
4,3,4,2,1,2,1,4,3,4
4,3,4,2,1,2,1,5,1,1
4,3,4,2,1,2,2,2,0,2
4,3,4,2,1,2,2,3,2,5
4,3,4,2,1,2,2,4,2,2
4,3,4,2,1,2,2,5,1,1
4,3,4,2,3,2,1,4,2,2
4,3,4,2,3,2,2,2,1,1
4,3,4,2,3,3,2,4,0,1
4,3,4,2,5,2,1,2,0,1
4,3,4,2,5,2,2,2,0,1
4,3,4,3,1,1,1,5,1,1
4,3,4,3,1,2,1,2,0,1
4,3,4,3,1,2,1,3,3,3
4,3,4,3,1,2,1,4,0,1
4,3,4,3,1,2,1,5,2,2
4,3,4,3,1,2,2,2,0,1
4,3,4,3,1,2,2,3,1,4
4,3,4,3,1,3,1,4,0,1
4,3,4,3,2,2,2,2,0,1
4,3,4,3,2,2,2,3,1,2
4,3,4,3,3,2,2,1,0,1
4,3,4,3,5,2,1,3,1,1
4,3,4,3,5,2,1,5,0,1
4,3,4,3,5,2,2,4,0,1
4,3,4,3,5,5,2,3,1,1
4,3,4,4,1,2,1,3,0,1
4,3,4,4,1,2,1,4,1,1
4,3,4,4,1,2,2,2,0,3
4,3,4,4,1,2,2,3,0,1
4,3,4,4,2,2,2,3,0,1
4,3,4,4,3,2,2,5,1,1
4,3,4,4,3,4,2,5,1,1
4,3,4,4,5,2,2,3,0,1
4,3,4,5,1,1,1,3,1,1
4,3,4,5,1,1,2,1,0,1
4,3,4,5,1,1,2,3,0,1
4,3,4,5,1,2,1,1,0,1
4,3,4,5,1,2,1,2,1,4
4,3,4,5,1,2,1,3,5,8
4,3,4,5,1,2,1,4,9,9
4,3,4,5,1,2,2,1,0,3
4,3,4,5,1,2,2,2,0,2
4,3,4,5,1,2,2,3,5,8
4,3,4,5,1,2,2,4,4,4
4,3,4,5,1,3,1,3,0,1
4,3,4,5,1,3,2,3,0,1
4,3,4,5,1,4,1,3,0,1
4,3,4,5,1,5,1,3,1,1
4,3,4,5,3,2,1,4,1,1
4,3,4,5,3,2,2,2,1,1
4,3,4,5,5,1,1,3,1,1
4,3,4,6,1,1,1,3,1,1
4,3,4,6,1,1,2,2,0,1
4,3,4,6,1,2,1,3,2,2
4,3,4,6,1,2,1,4,2,2
4,3,4,6,1,2,1,5,3,3
4,3,4,6,1,2,2,4,1,2
4,3,4,6,3,3,2,3,0,1
4,3,5,1,3,2,2,2,0,2
4,3,5,1,3,2,2,3,0,1
4,3,5,1,5,2,1,4,1,1
4,3,5,2,1,2,1,1,0,1
4,3,5,2,1,2,1,3,0,1
4,3,5,2,1,2,1,5,3,3
4,3,5,2,1,2,2,1,0,1
4,3,5,2,1,2,2,3,1,1
4,3,5,2,1,2,2,4,1,1
4,3,5,2,1,2,2,5,1,1
4,3,5,2,2,2,2,1,0,1
4,3,5,2,2,2,2,3,1,1
4,3,5,2,3,2,2,2,0,1
4,3,5,2,5,2,2,2,0,1
4,3,5,2,5,3,1,3,0,1
4,3,5,3,1,2,1,1,0,1
4,3,5,3,1,2,1,2,0,2
4,3,5,3,1,2,1,3,3,3
4,3,5,3,1,2,1,4,4,4
4,3,5,3,1,2,1,5,2,2
4,3,5,3,1,2,2,2,0,1
4,3,5,3,1,2,2,3,2,4
4,3,5,3,1,2,2,4,1,3
4,3,5,3,2,2,2,3,1,1
4,3,5,3,3,2,2,3,0,1
4,3,5,3,3,2,2,4,1,1
4,3,5,3,3,2,2,5,1,1
4,3,5,3,5,2,2,4,2,2
4,3,5,4,1,1,1,6,1,1
4,3,5,4,1,2,1,2,0,2
4,3,5,4,1,2,1,3,2,3
4,3,5,4,1,2,1,4,3,3
4,3,5,4,1,2,2,1,0,1
4,3,5,4,1,2,2,3,1,1
4,3,5,4,1,2,2,5,1,1
4,3,5,4,2,2,2,3,1,2
4,3,5,4,3,2,1,3,0,1
4,3,5,5,1,2,1,2,0,6
4,3,5,5,1,2,1,3,2,6
4,3,5,5,1,2,1,4,7,7
4,3,5,5,1,2,1,5,2,2
4,3,5,5,1,2,2,1,0,2
4,3,5,5,1,2,2,2,0,1
4,3,5,5,1,2,2,3,3,5
4,3,5,5,1,2,2,4,0,1
4,3,5,5,1,3,2,1,0,1
4,3,5,5,1,4,2,3,0,1
4,3,5,5,2,2,2,2,0,1
4,3,5,5,3,3,1,3,0,1
4,3,5,5,5,2,1,3,1,1
4,3,5,6,1,1,1,3,1,1
4,3,5,6,1,2,1,1,0,1
4,3,5,6,1,2,1,3,1,1
4,3,5,6,1,2,1,4,4,4
4,3,5,6,1,2,2,3,0,1
4,3,5,6,1,2,2,4,0,2
4,3,5,6,2,2,1,3,0,1
4,3,5,6,3,2,2,3,1,2
4,3,5,6,3,4,2,1,0,1
4,3,5,6,5,1,2,3,0,1
