GenderCat,EduCat,MarCat,RaceCat,IncCat,AgeCat,USRCat,1,2,3,4,5,6,n
1,1,1,1,2,5,2,0,0,0,1,1,0,2
1,1,1,1,3,4,2,1,0,0,0,0,0,1
1,1,1,1,6,5,3,0,0,1,0,0,0,1
1,1,1,2,1,4,2,0,0,1,0,0,0,1
1,1,1,2,1,4,3,0,0,1,0,0,1,2
1,1,1,2,1,5,3,0,1,0,1,2,0,4
1,1,1,2,2,2,2,0,0,0,0,1,0,1
1,1,1,2,2,3,2,0,0,0,1,0,0,1
1,1,1,2,2,4,2,0,0,1,1,0,0,2
1,1,1,2,2,4,3,0,0,0,1,0,0,1
1,1,1,2,2,5,1,0,0,0,1,0,0,1
1,1,1,2,2,5,2,0,1,3,5,1,0,10
1,1,1,2,2,5,3,0,0,2,0,0,0,2
1,1,1,2,3,3,2,0,1,0,0,0,0,1
1,1,1,2,3,4,2,0,0,0,1,0,0,1
1,1,1,2,3,5,1,0,0,1,0,0,0,1
1,1,1,2,3,5,2,0,0,1,2,0,0,3
1,1,1,2,4,4,2,0,0,1,0,0,0,1
1,1,1,2,4,4,3,0,0,1,0,0,0,1
1,1,1,2,4,5,1,0,0,0,1,0,0,1
1,1,1,2,4,5,2,0,0,0,1,0,0,1
1,1,1,2,4,5,3,0,0,0,1,0,0,1
1,1,1,2,5,2,2,0,0,0,1,0,0,1
1,1,1,2,5,3,2,0,0,1,0,0,0,1
1,1,1,2,5,4,2,0,0,2,0,0,0,2
1,1,1,2,5,5,2,0,0,0,1,0,0,1
1,1,1,2,6,3,2,0,0,0,1,0,0,1
1,1,1,2,6,3,3,0,0,0,0,0,1,1
1,1,1,2,6,4,2,0,0,1,0,0,1,2
1,1,1,2,6,5,2,1,0,1,2,1,0,5
1,1,1,2,6,5,3,0,0,0,1,0,0,1
1,1,1,3,6,5,2,0,0,1,0,0,0,1
1,1,1,4,3,4,2,0,0,0,1,0,0,1
1,1,1,4,6,5,2,0,0,1,0,0,0,1
1,1,2,2,1,3,2,0,0,0,1,0,0,1
1,1,2,2,2,5,2,0,0,0,1,0,0,1
1,1,2,2,6,3,3,0,0,0,0,0,1,1
1,1,2,4,2,5,2,0,0,0,1,0,0,1
1,1,2,4,5,5,1,0,1,0,0,0,0,1
1,1,3,1,5,4,2,0,0,1,0,0,0,1
1,1,3,2,1,2,3,0,0,0,0,0,1,1
1,1,3,2,1,3,2,0,0,0,0,0,1,1
1,1,3,2,1,5,2,0,0,0,0,1,0,1
1,1,3,2,2,5,1,0,0,1,0,0,0,1
1,1,3,2,2,5,2,0,0,0,0,1,0,1
1,1,3,2,3,5,2,0,0,0,1,0,0,1
1,1,3,2,6,4,3,0,0,0,1,0,0,1
1,1,3,3,1,5,2,0,0,0,0,0,1,1
1,1,5,2,1,2,2,0,0,1,0,0,0,1
1,1,5,2,1,4,2,0,0,2,0,0,0,2
1,1,5,2,2,2,1,0,0,0,1,0,0,1
1,1,5,2,2,3,2,0,0,0,1,0,0,1
1,1,5,2,2,4,1,1,0,0,0,0,0,1
1,1,5,2,2,4,2,0,0,1,0,0,1,2
1,1,5,2,2,5,3,0,0,0,0,1,0,1
1,1,5,2,3,3,2,0,0,1,0,0,0,1
1,1,5,2,6,2,2,0,1,0,0,0,0,1
1,2,1,1,2,4,2,0,0,0,0,1,0,1
1,2,1,1,2,5,2,0,0,0,2,1,0,3
1,2,1,1,2,5,3,0,0,0,0,1,0,1
1,2,1,1,3,3,1,0,1,0,0,0,0,1
1,2,1,1,3,3,2,0,0,0,2,0,0,2
1,2,1,1,3,3,3,0,0,0,0,1,0,1
1,2,1,1,3,4,2,0,0,0,2,0,0,2
1,2,1,1,3,5,2,0,0,0,1,0,0,1
1,2,1,1,3,5,3,0,0,0,0,1,0,1
1,2,1,1,5,3,1,0,0,0,0,1,0,1
1,2,1,1,5,3,2,0,0,0,0,1,0,1
1,2,1,1,5,4,3,0,0,0,1,0,0,1
1,2,1,1,6,3,2,0,0,0,1,0,0,1
1,2,1,1,6,4,3,0,1,0,0,0,0,1
1,2,1,1,6,5,2,0,0,1,0,0,0,1
1,2,1,2,1,2,2,0,0,0,0,0,1,1
1,2,1,2,1,3,2,0,0,0,1,0,1,2
1,2,1,2,1,4,2,0,1,0,0,0,0,1
1,2,1,2,1,4,3,0,0,3,0,1,0,4
1,2,1,2,1,5,2,0,0,0,2,0,0,2
1,2,1,2,2,1,2,0,0,0,0,1,0,1
1,2,1,2,2,2,2,1,2,0,1,3,0,7
1,2,1,2,2,2,3,0,1,0,0,0,0,1
1,2,1,2,2,3,1,0,0,0,1,0,0,1
1,2,1,2,2,3,2,0,3,3,2,1,0,9
1,2,1,2,2,3,3,0,0,3,3,3,0,9
1,2,1,2,2,4,1,0,0,2,1,0,0,3
1,2,1,2,2,4,2,0,3,5,10,1,0,19
1,2,1,2,2,4,3,0,1,2,4,2,0,9
1,2,1,2,2,5,1,0,1,0,3,1,0,5
1,2,1,2,2,5,2,2,4,17,29,8,0,60
1,2,1,2,2,5,3,0,1,8,8,2,0,19
1,2,1,2,3,2,1,0,1,0,0,0,0,1
1,2,1,2,3,2,2,0,0,1,1,0,0,2
1,2,1,2,3,2,3,0,0,1,0,0,0,1
1,2,1,2,3,3,2,1,0,3,3,4,1,12
1,2,1,2,3,3,3,0,0,1,4,4,0,9
1,2,1,2,3,4,1,0,1,0,3,0,0,4
1,2,1,2,3,4,2,0,3,10,18,3,1,35
1,2,1,2,3,4,3,0,1,1,4,1,0,7
1,2,1,2,3,5,1,0,0,3,2,0,0,5
1,2,1,2,3,5,2,0,2,16,20,3,0,41
1,2,1,2,3,5,3,0,1,2,6,1,0,10
1,2,1,2,4,2,3,0,0,0,1,0,0,1
1,2,1,2,4,3,1,0,1,0,0,0,0,1
1,2,1,2,4,3,2,0,0,5,4,0,0,9
1,2,1,2,4,3,3,0,1,1,2,0,0,4
1,2,1,2,4,4,1,0,0,0,2,0,0,2
1,2,1,2,4,4,2,0,2,7,5,3,1,18
1,2,1,2,4,4,3,0,0,1,4,0,0,5
1,2,1,2,4,5,1,0,1,0,0,0,0,1
1,2,1,2,4,5,2,0,0,3,4,2,0,9
1,2,1,2,4,5,3,0,0,1,1,0,0,2
1,2,1,2,5,2,2,0,1,0,0,0,0,1
1,2,1,2,5,3,2,1,1,1,3,2,0,8
1,2,1,2,5,3,3,0,0,2,0,0,0,2
1,2,1,2,5,4,1,0,0,2,1,0,0,3
1,2,1,2,5,4,2,0,2,7,5,0,0,14
1,2,1,2,5,4,3,0,0,0,2,1,0,3
1,2,1,2,5,5,1,0,0,1,2,0,0,3
1,2,1,2,5,5,2,0,0,6,4,2,0,12
1,2,1,2,5,5,3,1,0,1,0,0,0,2
1,2,1,2,6,2,2,0,0,0,1,0,0,1
1,2,1,2,6,3,2,0,0,2,1,2,0,5
1,2,1,2,6,4,1,0,0,0,0,1,0,1
1,2,1,2,6,4,2,1,1,2,5,1,1,11
1,2,1,2,6,4,3,0,0,0,2,1,0,3
1,2,1,2,6,5,1,0,0,0,1,1,0,2
1,2,1,2,6,5,2,1,0,11,8,1,0,21
1,2,1,2,6,5,3,0,2,2,2,1,0,7
1,2,1,3,2,2,2,0,0,1,0,0,0,1
1,2,1,3,2,4,1,0,0,2,0,0,0,2
1,2,1,3,2,4,2,0,1,0,0,0,0,1
1,2,1,3,2,4,3,0,0,0,1,0,0,1
1,2,1,3,2,5,2,0,0,0,1,0,0,1
1,2,1,3,3,4,2,0,1,0,0,0,0,1
1,2,1,3,3,5,1,1,1,0,0,0,0,2
1,2,1,3,3,5,3,0,1,0,0,0,0,1
1,2,1,3,4,3,2,0,0,1,0,0,0,1
1,2,1,3,5,3,2,0,1,0,0,0,0,1
1,2,1,3,5,4,3,0,0,1,0,0,0,1
1,2,1,3,5,5,2,0,0,1,0,0,0,1
1,2,1,3,6,4,1,0,0,1,0,0,0,1
1,2,1,4,1,3,2,0,0,0,1,0,0,1
1,2,1,4,1,5,1,0,0,1,0,0,0,1
1,2,1,4,2,2,1,0,0,1,0,0,0,1
1,2,1,4,2,5,2,0,0,0,1,0,0,1
1,2,1,4,3,3,2,0,0,2,0,0,0,2
1,2,1,4,3,4,2,0,0,0,2,0,0,2
1,2,1,4,3,4,3,0,1,0,0,0,0,1
1,2,1,4,3,5,2,0,0,1,1,0,0,2
1,2,1,4,3,5,3,0,1,0,0,0,0,1
1,2,1,4,4,3,1,0,0,0,0,0,1,1
1,2,1,4,4,4,3,0,0,0,1,0,0,1
1,2,1,4,5,3,2,0,0,0,1,0,0,1
1,2,1,4,5,4,1,0,0,1,0,0,0,1
1,2,1,4,5,4,2,0,0,0,1,0,0,1
1,2,1,4,5,5,2,0,0,1,0,0,0,1
1,2,1,4,6,4,1,0,0,0,1,0,0,1
1,2,1,4,6,5,1,0,0,0,1,0,0,1
1,2,1,5,3,3,2,0,0,1,0,0,0,1
1,2,2,2,1,5,2,0,0,0,1,2,0,3
1,2,2,2,1,5,3,0,0,1,1,1,0,3
1,2,2,2,2,3,1,0,0,0,0,1,0,1
1,2,2,2,2,4,2,0,1,0,2,0,0,3
1,2,2,2,2,5,1,0,1,0,0,1,0,2
1,2,2,2,2,5,2,0,2,3,6,0,0,11
1,2,2,2,2,5,3,0,0,0,3,0,0,3
1,2,2,2,3,5,2,0,0,1,2,1,0,4
1,2,2,2,4,4,3,0,1,0,0,0,0,1
1,2,2,2,4,5,2,0,0,0,1,0,0,1
1,2,2,2,5,5,3,0,0,1,0,0,0,1
1,2,2,2,6,3,2,0,0,0,1,0,0,1
1,2,2,2,6,5,1,0,0,1,0,0,0,1
1,2,2,2,6,5,2,0,0,0,2,0,0,2
1,2,2,2,6,5,3,0,0,1,0,0,0,1
1,2,2,3,2,5,2,1,0,0,0,0,0,1
1,2,2,4,5,3,1,0,0,1,0,0,0,1
1,2,3,1,1,3,2,0,0,1,0,0,0,1
1,2,3,1,1,4,2,0,0,0,1,0,0,1
1,2,3,1,2,3,3,0,0,0,1,0,0,1
1,2,3,1,2,5,3,0,0,0,1,0,0,1
1,2,3,1,4,4,3,0,0,0,1,0,0,1
1,2,3,2,1,3,2,0,0,0,1,1,1,3
1,2,3,2,1,3,3,0,0,1,1,0,0,2
1,2,3,2,1,4,2,0,0,2,1,0,1,4
1,2,3,2,1,4,3,0,0,1,0,0,0,1
1,2,3,2,1,5,2,0,0,1,3,1,0,5
1,2,3,2,1,5,3,0,0,0,1,1,0,2
1,2,3,2,2,2,2,0,0,0,0,1,0,1
1,2,3,2,2,2,3,0,0,1,0,1,0,2
1,2,3,2,2,3,2,0,0,0,2,0,2,4
1,2,3,2,2,3,3,0,0,0,1,0,0,1
1,2,3,2,2,4,2,0,0,3,3,2,0,8
1,2,3,2,2,4,3,0,1,1,3,2,0,7
1,2,3,2,2,5,1,0,0,1,0,0,0,1
1,2,3,2,2,5,2,0,0,6,4,3,0,13
1,2,3,2,2,5,3,1,0,1,2,1,0,5
1,2,3,2,3,2,2,0,0,0,0,1,0,1
1,2,3,2,3,2,3,0,1,0,0,0,0,1
1,2,3,2,3,3,2,0,0,1,0,0,0,1
1,2,3,2,3,3,3,0,0,0,1,1,0,2
1,2,3,2,3,4,1,0,0,0,0,1,0,1
1,2,3,2,3,4,2,1,0,1,1,0,0,3
1,2,3,2,3,4,3,0,0,0,2,2,0,4
1,2,3,2,3,5,2,0,0,2,1,0,0,3
1,2,3,2,4,3,2,0,0,0,1,0,0,1
1,2,3,2,5,3,1,0,0,0,1,0,0,1
1,2,3,2,5,4,2,0,0,1,1,0,0,2
1,2,3,2,5,5,3,0,1,0,0,0,0,1
1,2,3,2,6,3,1,0,0,0,1,0,0,1
1,2,3,2,6,3,2,0,0,1,0,0,0,1
1,2,3,2,6,3,3,0,0,1,0,0,0,1
1,2,3,2,6,4,2,0,0,0,2,2,0,4
1,2,3,2,6,5,3,0,0,0,0,1,0,1
1,2,3,3,1,4,2,0,1,0,0,0,0,1
1,2,3,3,1,5,2,0,0,1,0,0,0,1
1,2,3,3,2,4,1,1,0,0,0,0,0,1
1,2,3,3,3,5,2,0,0,0,1,0,0,1
1,2,3,4,1,4,2,0,1,0,0,0,0,1
1,2,3,4,1,5,2,0,0,1,0,0,0,1
1,2,3,4,2,4,2,0,1,0,0,0,0,1
1,2,3,4,2,5,2,0,0,0,1,0,0,1
1,2,3,4,3,3,2,0,0,1,0,0,0,1
1,2,3,4,3,4,3,0,1,0,0,0,0,1
1,2,3,5,1,4,2,0,1,0,0,0,0,1
1,2,4,2,1,4,2,0,0,1,0,0,0,1
1,2,4,2,1,4,3,0,0,0,0,0,1,1
1,2,4,2,2,5,1,0,1,0,0,0,0,1
1,2,4,2,3,3,3,0,0,0,0,1,0,1
1,2,4,2,4,4,2,0,0,1,0,0,0,1
1,2,4,2,6,3,2,0,0,1,0,0,0,1
1,2,4,3,1,3,2,1,0,0,0,0,0,1
1,2,4,3,1,4,3,0,0,0,1,0,0,1
1,2,4,3,2,4,2,0,0,1,0,0,0,1
1,2,5,1,1,2,2,0,1,0,0,0,0,1
1,2,5,1,1,4,2,0,1,0,0,0,0,1
1,2,5,1,1,5,2,0,0,0,0,1,0,1
1,2,5,1,2,1,2,0,1,0,0,0,0,1
1,2,5,1,2,2,3,1,0,0,0,0,0,1
1,2,5,1,2,3,2,0,0,0,0,1,0,1
1,2,5,1,4,2,2,0,0,0,0,1,0,1
1,2,5,1,6,3,2,0,1,1,0,0,0,2
1,2,5,2,1,2,1,0,0,0,1,0,0,1
1,2,5,2,1,2,2,0,1,1,0,0,0,2
1,2,5,2,1,2,3,0,0,1,0,0,0,1
1,2,5,2,1,3,1,0,0,0,1,1,0,2
1,2,5,2,1,3,2,1,1,0,0,3,0,5
1,2,5,2,1,4,1,0,0,1,0,0,0,1
1,2,5,2,1,4,2,0,1,2,2,0,0,5
1,2,5,2,1,4,3,0,0,1,2,0,0,3
1,2,5,2,1,5,2,0,2,0,1,0,0,3
1,2,5,2,2,2,1,0,0,1,0,0,0,1
1,2,5,2,2,2,2,0,0,1,0,0,0,1
1,2,5,2,2,2,3,0,0,1,0,0,0,1
1,2,5,2,2,3,2,1,1,3,1,3,0,9
1,2,5,2,2,3,3,0,0,0,1,0,1,2
1,2,5,2,2,4,1,0,0,1,0,0,0,1
1,2,5,2,2,4,2,0,3,3,6,1,0,13
1,2,5,2,2,4,3,1,1,0,0,0,0,2
1,2,5,2,2,5,2,0,1,3,2,0,0,6
1,2,5,2,2,5,3,1,2,1,1,2,0,7
1,2,5,2,3,1,2,0,0,0,1,0,0,1
1,2,5,2,3,2,2,0,1,0,0,0,0,1
1,2,5,2,3,3,2,0,0,1,1,1,0,3
1,2,5,2,3,4,2,1,0,3,2,0,0,6
1,2,5,2,3,4,3,0,0,1,0,0,0,1
1,2,5,2,3,5,2,0,0,1,0,0,0,1
1,2,5,2,3,5,3,0,1,0,1,1,0,3
1,2,5,2,5,4,2,0,0,0,1,1,0,2
1,2,5,2,5,5,2,0,0,1,0,0,0,1
1,2,5,2,6,1,2,1,0,0,0,0,0,1
1,2,5,2,6,2,1,1,0,0,0,0,0,1
1,2,5,2,6,2,2,1,0,0,0,1,0,2
1,2,5,2,6,2,3,0,0,0,1,0,0,1
1,2,5,2,6,3,2,1,0,1,1,0,0,3
1,2,5,2,6,4,2,0,1,2,1,0,1,5
1,2,5,2,6,4,3,0,0,0,0,1,0,1
1,2,5,2,6,5,2,1,0,1,0,0,0,2
1,2,5,3,1,2,2,0,1,1,0,1,0,3
1,2,5,3,1,3,2,1,1,1,0,0,0,3
1,2,5,3,1,4,1,0,1,0,0,0,0,1
1,2,5,3,1,4,2,0,1,1,1,0,0,3
1,2,5,3,2,1,2,1,0,0,0,0,0,1
1,2,5,3,2,3,2,0,0,1,0,1,0,2
1,2,5,3,3,2,2,0,0,1,0,0,0,1
1,2,5,3,3,3,1,1,0,0,0,0,0,1
1,2,5,3,4,3,2,0,0,0,1,0,0,1
1,2,5,3,5,4,1,0,0,1,0,0,0,1
1,2,5,3,6,5,2,0,1,0,0,0,0,1
1,2,5,4,1,4,1,0,1,0,0,0,0,1
1,2,5,4,2,2,2,0,0,1,1,0,0,2
1,2,5,4,2,3,2,1,0,1,0,0,0,2
1,2,5,4,3,1,2,0,0,0,1,0,0,1
1,2,5,4,3,2,1,0,0,1,0,0,0,1
1,2,5,4,6,2,2,0,0,0,1,0,0,1
1,2,5,4,6,3,1,0,0,1,0,0,0,1
1,2,5,5,1,5,1,0,0,1,0,0,0,1
1,3,1,1,1,4,2,0,0,1,0,0,0,1
1,3,1,1,1,5,2,0,0,0,1,0,0,1
1,3,1,1,2,3,1,0,0,1,0,0,0,1
1,3,1,1,2,4,2,0,0,2,0,0,0,2
1,3,1,1,2,4,3,0,0,0,1,0,0,1
1,3,1,1,3,3,2,1,0,1,1,1,0,4
1,3,1,1,3,4,2,0,0,2,3,0,0,5
1,3,1,1,3,4,3,0,0,0,1,0,0,1
1,3,1,1,3,5,1,0,0,1,0,0,0,1
1,3,1,1,3,5,2,0,0,1,1,0,0,2
1,3,1,1,3,5,3,0,0,1,0,0,0,1
1,3,1,1,4,4,2,0,0,1,2,0,0,3
1,3,1,1,4,5,2,0,0,0,0,0,1,1
1,3,1,1,5,2,2,2,0,0,0,0,0,2
1,3,1,1,5,2,3,0,0,0,0,1,0,1
1,3,1,1,5,3,2,0,1,0,1,2,0,4
1,3,1,1,5,3,3,1,0,0,0,1,0,2
1,3,1,1,5,4,1,0,0,0,0,1,0,1
1,3,1,1,5,4,2,0,1,1,3,0,0,5
1,3,1,1,5,4,3,0,0,1,0,0,0,1
1,3,1,1,6,3,3,0,1,0,0,2,0,3
1,3,1,1,6,4,2,0,0,2,2,0,0,4
1,3,1,1,6,4,3,0,0,0,2,0,0,2
1,3,1,1,6,5,1,0,0,1,0,1,0,2
1,3,1,1,6,5,2,0,0,0,0,1,0,1
1,3,1,1,6,5,3,0,0,2,0,0,0,2
1,3,1,2,1,3,2,0,1,0,1,0,0,2
1,3,1,2,1,3,3,0,0,2,0,1,0,3
1,3,1,2,1,4,2,0,0,0,1,2,1,4
1,3,1,2,1,4,3,0,0,1,0,0,0,1
1,3,1,2,1,5,2,0,0,1,0,0,0,1
1,3,1,2,2,1,2,0,1,0,0,0,0,1
1,3,1,2,2,2,2,0,1,2,1,2,0,6
1,3,1,2,2,2,3,1,0,1,0,1,0,3
1,3,1,2,2,3,1,0,1,2,2,0,0,5
1,3,1,2,2,3,2,2,0,5,3,3,0,13
1,3,1,2,2,3,3,0,0,2,1,1,0,4
1,3,1,2,2,4,1,0,0,1,2,1,0,4
1,3,1,2,2,4,2,1,1,9,11,6,2,30
1,3,1,2,2,4,3,0,0,3,3,0,0,6
1,3,1,2,2,5,1,2,0,3,1,0,0,6
1,3,1,2,2,5,2,0,3,11,21,4,0,39
1,3,1,2,2,5,3,0,1,5,6,3,0,15
1,3,1,2,3,1,2,0,0,0,0,1,0,1
1,3,1,2,3,2,1,0,1,0,0,0,0,1
1,3,1,2,3,2,2,0,1,2,2,2,0,7
1,3,1,2,3,2,3,0,0,2,1,0,0,3
1,3,1,2,3,3,1,0,0,1,1,1,0,3
1,3,1,2,3,3,2,1,1,8,12,6,0,28
1,3,1,2,3,3,3,0,1,4,4,4,0,13
1,3,1,2,3,4,1,0,1,1,4,1,0,7
1,3,1,2,3,4,2,0,5,9,19,3,0,36
1,3,1,2,3,4,3,0,0,5,1,3,0,9
1,3,1,2,3,5,1,0,2,4,1,2,0,9
1,3,1,2,3,5,2,2,3,19,12,5,1,42
1,3,1,2,3,5,3,0,1,6,4,2,0,13
1,3,1,2,4,2,2,3,1,2,0,0,0,6
1,3,1,2,4,2,3,0,0,0,0,1,0,1
1,3,1,2,4,3,1,1,0,1,1,0,0,3
1,3,1,2,4,3,2,0,4,3,5,3,0,15
1,3,1,2,4,3,3,0,1,2,2,2,0,7
1,3,1,2,4,4,1,0,0,1,1,0,0,2
1,3,1,2,4,4,2,2,5,10,12,1,0,30
1,3,1,2,4,4,3,0,1,3,1,0,0,5
1,3,1,2,4,5,1,0,0,0,0,0,1,1
1,3,1,2,4,5,2,1,5,3,6,1,0,16
1,3,1,2,4,5,3,0,0,0,1,0,0,1
1,3,1,2,5,2,2,1,2,1,2,1,0,7
1,3,1,2,5,2,3,0,0,0,1,1,0,2
1,3,1,2,5,3,1,0,0,3,1,0,0,4
1,3,1,2,5,3,2,3,7,9,20,9,0,48
1,3,1,2,5,3,3,0,2,0,1,2,0,5
1,3,1,2,5,4,1,0,0,1,1,3,0,5
1,3,1,2,5,4,2,0,5,10,13,3,0,31
1,3,1,2,5,4,3,1,3,3,2,3,0,12
1,3,1,2,5,5,1,0,0,0,0,1,0,1
1,3,1,2,5,5,2,0,4,9,15,2,0,30
1,3,1,2,5,5,3,0,0,2,3,0,0,5
1,3,1,2,6,2,2,0,0,0,1,1,0,2
1,3,1,2,6,3,2,0,1,0,6,2,0,9
1,3,1,2,6,3,3,0,1,1,0,1,0,3
1,3,1,2,6,4,1,0,1,0,0,1,0,2
1,3,1,2,6,4,2,0,2,6,6,2,0,16
1,3,1,2,6,4,3,0,0,1,1,1,0,3
1,3,1,2,6,5,1,0,1,2,0,1,0,4
1,3,1,2,6,5,2,1,0,6,11,5,1,24
1,3,1,2,6,5,3,0,0,2,5,0,0,7
1,3,1,3,1,4,1,1,0,0,0,0,0,1
1,3,1,3,1,5,1,0,1,0,0,0,0,1
1,3,1,3,2,3,2,0,0,1,0,0,0,1
1,3,1,3,2,4,2,0,2,0,0,0,0,2
1,3,1,3,2,5,2,0,0,3,0,0,0,3
1,3,1,3,3,2,2,0,0,1,0,0,0,1
1,3,1,3,3,3,2,1,0,3,1,0,0,5
1,3,1,3,3,4,2,0,2,2,0,0,0,4
1,3,1,3,3,5,1,0,0,1,0,0,0,1
1,3,1,3,3,5,2,2,1,2,0,0,0,5
1,3,1,3,4,2,2,0,0,0,0,1,0,1
1,3,1,3,4,4,2,1,0,5,0,0,0,6
1,3,1,3,4,5,2,0,1,1,0,0,0,2
1,3,1,3,5,2,1,0,1,0,0,0,0,1
1,3,1,3,5,2,2,0,0,1,0,0,0,1
1,3,1,3,5,3,2,0,2,3,1,0,0,6
1,3,1,3,5,4,1,0,0,1,0,0,0,1
1,3,1,3,5,4,2,0,3,1,0,0,0,4
1,3,1,3,5,5,2,0,1,1,0,0,0,2
1,3,1,3,6,4,1,0,0,1,0,0,0,1
1,3,1,3,6,4,2,0,1,2,0,1,0,4
1,3,1,3,6,5,2,0,0,0,0,0,2,2
1,3,1,4,1,5,1,0,1,0,0,0,0,1
1,3,1,4,2,3,2,0,0,0,1,0,0,1
1,3,1,4,2,3,3,0,0,0,0,1,0,1
1,3,1,4,2,4,2,0,0,1,1,0,0,2
1,3,1,4,2,5,1,0,0,0,1,0,0,1
1,3,1,4,2,5,2,0,0,0,2,0,0,2
1,3,1,4,3,2,1,0,0,1,0,0,0,1
1,3,1,4,3,2,2,1,0,0,1,0,0,2
1,3,1,4,3,3,2,1,1,1,0,0,0,3
1,3,1,4,3,3,3,0,0,0,1,0,0,1
1,3,1,4,3,4,1,0,0,2,1,0,0,3
1,3,1,4,3,4,2,0,1,0,1,1,0,3
1,3,1,4,3,5,1,0,1,1,0,0,0,2
1,3,1,4,3,5,2,0,0,0,1,0,0,1
1,3,1,4,4,3,2,0,0,1,0,0,0,1
1,3,1,4,4,4,1,0,0,0,1,0,0,1
1,3,1,4,4,4,2,1,0,0,1,0,0,2
1,3,1,4,4,5,2,0,0,1,0,0,0,1
1,3,1,4,5,2,1,0,0,0,1,0,0,1
1,3,1,4,5,3,1,0,0,1,0,0,0,1
1,3,1,4,5,3,2,0,0,2,1,0,0,3
1,3,1,4,5,3,3,0,0,0,1,0,0,1
1,3,1,4,5,4,1,0,1,0,0,0,0,1
1,3,1,4,5,4,2,0,1,2,2,0,0,5
1,3,1,4,5,5,2,1,0,0,2,0,0,3
1,3,1,4,6,1,1,0,0,1,0,0,0,1
1,3,1,4,6,2,2,0,0,0,0,1,0,1
1,3,1,4,6,4,1,0,1,0,1,0,0,2
1,3,1,4,6,4,2,0,0,1,0,1,0,2
1,3,1,4,6,5,1,0,0,0,1,0,0,1
1,3,1,4,6,5,2,0,0,0,2,1,0,3
1,3,1,5,2,3,2,2,0,0,0,0,0,2
1,3,1,5,3,2,2,0,0,0,0,0,1,1
1,3,1,5,4,4,2,0,1,0,0,0,0,1
1,3,2,1,1,3,2,1,0,0,0,0,0,1
1,3,2,2,2,2,2,0,0,0,1,0,0,1
1,3,2,2,2,3,1,0,0,0,1,0,0,1
1,3,2,2,2,4,1,0,0,1,0,0,0,1
1,3,2,2,2,4,2,0,1,4,0,0,0,5
1,3,2,2,2,5,1,0,0,1,0,0,0,1
1,3,2,2,2,5,2,0,0,4,2,0,0,6
1,3,2,2,2,5,3,0,0,1,2,0,0,3
1,3,2,2,3,3,2,0,0,1,0,0,0,1
1,3,2,2,3,4,2,0,0,0,0,1,0,1
1,3,2,2,3,5,2,0,0,2,4,2,0,8
1,3,2,2,3,5,3,0,0,0,1,0,0,1
1,3,2,2,4,5,2,0,0,0,0,1,0,1
1,3,2,2,5,4,2,0,0,1,0,0,0,1
1,3,2,2,5,4,3,0,0,1,0,0,0,1
1,3,2,2,6,4,3,0,0,0,0,0,1,1
1,3,2,2,6,5,1,0,0,0,1,0,0,1
1,3,2,2,6,5,2,0,0,2,2,0,0,4
1,3,2,3,1,4,1,0,1,0,0,0,0,1
1,3,2,3,2,5,2,0,1,0,1,0,0,2
1,3,2,3,3,5,2,0,0,1,0,0,0,1
1,3,2,4,3,3,2,0,0,0,0,1,0,1
1,3,3,1,1,4,3,0,0,0,1,0,0,1
1,3,3,1,2,3,2,0,0,1,0,0,0,1
1,3,3,1,2,3,3,0,0,0,1,0,0,1
1,3,3,1,2,5,3,0,0,1,0,0,0,1
1,3,3,1,3,2,2,0,1,0,0,0,0,1
1,3,3,1,3,4,1,0,1,0,0,0,0,1
1,3,3,1,4,4,2,0,0,1,0,0,0,1
1,3,3,1,5,2,2,0,0,0,1,0,0,1
1,3,3,1,5,3,1,0,0,1,0,0,0,1
1,3,3,2,1,2,2,0,0,0,0,1,0,1
1,3,3,2,1,3,2,0,0,1,2,0,0,3
1,3,3,2,1,3,3,0,1,0,0,0,0,1
1,3,3,2,1,4,2,0,1,2,1,1,0,5
1,3,3,2,1,5,1,0,0,1,0,0,0,1
1,3,3,2,1,5,2,0,2,1,1,0,0,4
1,3,3,2,1,5,3,0,1,0,1,0,0,2
1,3,3,2,2,1,1,0,0,0,0,1,0,1
1,3,3,2,2,2,2,0,0,1,0,0,0,1
1,3,3,2,2,3,2,0,1,2,3,1,0,7
1,3,3,2,2,3,3,1,0,0,0,1,0,2
1,3,3,2,2,4,1,0,0,2,0,0,0,2
1,3,3,2,2,4,2,1,1,7,5,1,0,15
1,3,3,2,2,4,3,0,1,2,0,0,0,3
1,3,3,2,2,5,1,0,1,1,2,0,0,4
1,3,3,2,2,5,2,0,0,1,2,0,0,3
1,3,3,2,2,5,3,0,1,1,1,0,0,3
1,3,3,2,3,3,2,1,0,1,3,1,0,6
1,3,3,2,3,4,1,0,0,0,0,1,0,1
1,3,3,2,3,4,2,1,1,5,1,0,0,8
1,3,3,2,3,4,3,0,0,0,2,0,0,2
1,3,3,2,3,5,2,1,0,2,2,0,0,5
1,3,3,2,3,5,3,0,0,0,1,0,0,1
1,3,3,2,4,3,2,0,2,0,0,0,0,2
1,3,3,2,4,4,2,0,1,0,3,0,0,4
1,3,3,2,4,4,3,0,0,0,1,0,0,1
1,3,3,2,5,2,2,1,0,0,0,0,0,1
1,3,3,2,5,3,1,0,0,1,0,0,0,1
1,3,3,2,5,3,2,1,1,0,0,0,0,2
1,3,3,2,5,3,3,0,0,0,1,0,0,1
1,3,3,2,5,4,1,0,0,0,0,1,0,1
1,3,3,2,5,4,2,0,0,1,2,0,0,3
1,3,3,2,5,4,3,0,0,1,0,0,0,1
1,3,3,2,5,5,2,0,1,0,0,0,0,1
1,3,3,2,6,4,2,0,0,3,0,0,0,3
1,3,3,2,6,4,3,0,0,0,0,1,0,1
1,3,3,2,6,5,2,0,0,1,2,0,0,3
1,3,3,2,6,5,3,0,0,1,0,0,0,1
1,3,3,3,1,4,2,0,0,2,0,0,0,2
1,3,3,3,2,4,2,0,1,1,0,0,0,2
1,3,3,3,2,4,3,0,0,1,0,0,0,1
1,3,3,3,2,5,1,0,0,0,0,1,0,1
1,3,3,3,2,5,2,0,0,3,0,1,0,4
1,3,3,3,3,5,1,0,1,0,0,0,0,1
1,3,3,3,5,4,1,0,0,1,0,0,0,1
1,3,3,3,5,4,2,0,0,2,0,0,0,2
1,3,3,3,6,4,2,0,1,1,0,0,0,2
1,3,3,3,6,5,2,0,0,1,0,0,0,1
1,3,3,4,1,4,2,0,1,0,0,0,0,1
1,3,3,4,2,3,2,0,0,1,0,0,0,1
1,3,3,4,2,4,1,0,0,0,1,0,0,1
1,3,3,4,2,4,2,0,0,1,0,0,0,1
1,3,3,4,3,4,2,0,0,1,0,0,0,1
1,3,3,4,6,5,2,0,0,1,0,0,0,1
1,3,3,5,1,3,2,0,0,0,0,0,1,1
1,3,3,5,2,2,2,0,0,0,1,0,0,1
1,3,4,1,2,5,2,0,0,1,0,0,0,1
1,3,4,1,3,3,2,0,0,1,0,0,0,1
1,3,4,1,5,3,2,0,1,0,0,0,0,1
1,3,4,2,2,2,2,0,0,0,0,1,0,1
1,3,4,2,2,3,2,0,0,0,0,1,0,1
1,3,4,2,2,4,3,0,0,1,0,1,0,2
1,3,4,2,2,5,3,0,0,1,0,0,0,1
1,3,4,2,3,1,2,0,0,1,0,0,0,1
1,3,4,2,3,4,3,0,0,0,1,0,0,1
1,3,4,2,4,5,2,0,0,1,1,0,0,2
1,3,4,2,5,4,2,0,0,1,1,0,0,2
1,3,4,3,2,3,2,0,0,0,1,0,0,1
1,3,4,3,2,5,2,0,0,1,0,0,0,1
1,3,4,4,2,4,2,0,0,0,0,1,0,1
1,3,4,4,4,5,1,0,0,1,0,0,0,1
1,3,5,1,1,2,2,0,1,0,0,0,0,1
1,3,5,1,1,3,2,0,0,1,0,0,0,1
1,3,5,1,1,4,2,0,0,1,1,0,0,2
1,3,5,1,1,5,3,0,0,1,0,0,0,1
1,3,5,1,2,2,2,0,1,0,0,0,0,1
1,3,5,1,2,3,3,0,0,0,0,1,0,1
1,3,5,1,2,4,2,0,1,0,1,1,0,3
1,3,5,1,2,5,2,0,0,0,0,1,0,1
1,3,5,1,3,4,3,0,0,0,0,1,0,1
1,3,5,1,3,5,2,0,0,1,0,0,0,1
1,3,5,1,4,2,2,0,1,0,0,0,0,1
1,3,5,1,4,3,3,0,0,0,1,0,0,1
1,3,5,1,6,1,2,0,0,1,1,0,0,2
1,3,5,2,1,1,3,0,1,0,0,0,0,1
1,3,5,2,1,2,1,0,0,1,0,0,0,1
1,3,5,2,1,2,2,0,0,3,1,0,0,4
1,3,5,2,1,3,1,1,0,0,0,0,0,1
1,3,5,2,1,3,2,2,0,4,0,1,1,8
1,3,5,2,1,4,1,0,0,1,0,0,0,1
1,3,5,2,1,4,2,0,3,1,0,0,1,5
1,3,5,2,1,4,3,0,0,1,2,1,0,4
1,3,5,2,1,5,1,1,0,0,0,0,0,1
1,3,5,2,1,5,3,0,1,0,0,0,0,1
1,3,5,2,2,1,2,0,3,0,0,0,0,3
1,3,5,2,2,1,3,0,0,0,1,1,0,2
1,3,5,2,2,2,1,1,0,1,0,0,0,2
1,3,5,2,2,2,2,3,0,3,2,2,0,10
1,3,5,2,2,3,1,0,1,0,1,0,0,2
1,3,5,2,2,3,2,1,3,3,2,2,0,11
1,3,5,2,2,3,3,0,2,2,0,0,0,4
1,3,5,2,2,4,1,0,0,1,0,1,0,2
1,3,5,2,2,4,2,0,1,2,3,2,2,10
1,3,5,2,2,4,3,0,1,0,0,1,1,3
1,3,5,2,2,5,1,0,1,0,0,0,0,1
1,3,5,2,2,5,2,0,0,4,0,0,0,4
1,3,5,2,2,5,3,1,0,1,0,0,0,2
1,3,5,2,3,2,1,0,0,0,1,0,0,1
1,3,5,2,3,2,2,1,5,3,1,0,0,10
1,3,5,2,3,2,3,0,0,2,0,1,0,3
1,3,5,2,3,3,1,0,0,0,1,0,0,1
1,3,5,2,3,3,2,0,3,6,5,1,1,16
1,3,5,2,3,4,1,0,0,1,0,0,0,1
1,3,5,2,3,4,2,1,2,5,1,1,0,10
1,3,5,2,3,4,3,0,0,4,0,0,0,4
1,3,5,2,3,5,2,1,0,2,1,0,0,4
1,3,5,2,3,5,3,0,0,0,1,0,0,1
1,3,5,2,4,4,2,1,2,0,2,1,0,6
1,3,5,2,4,4,3,0,0,1,1,0,0,2
1,3,5,2,5,1,2,0,0,0,1,0,0,1
1,3,5,2,5,1,3,1,0,0,0,0,0,1
1,3,5,2,5,2,2,1,0,1,0,1,0,3
1,3,5,2,5,3,2,0,2,3,0,0,0,5
1,3,5,2,5,3,3,0,1,0,0,0,0,1
1,3,5,2,5,4,1,0,0,1,0,0,0,1
1,3,5,2,5,4,2,0,0,2,0,0,0,2
1,3,5,2,5,5,1,0,2,0,0,0,0,2
1,3,5,2,6,1,2,0,0,1,0,0,0,1
1,3,5,2,6,2,2,0,1,1,1,1,0,4
1,3,5,2,6,2,3,0,0,1,1,2,0,4
1,3,5,2,6,3,1,0,0,1,1,0,0,2
1,3,5,2,6,3,2,0,3,2,3,1,0,9
1,3,5,2,6,3,3,0,0,1,0,0,0,1
1,3,5,2,6,4,1,0,1,0,0,0,0,1
1,3,5,2,6,4,2,0,1,3,2,0,0,6
1,3,5,2,6,4,3,0,0,0,1,1,0,2
1,3,5,2,6,5,2,0,0,1,0,0,0,1
1,3,5,2,6,5,3,0,0,0,1,0,0,1
1,3,5,3,1,1,1,0,0,1,0,0,0,1
1,3,5,3,1,2,2,1,0,0,0,0,0,1
1,3,5,3,1,2,3,1,0,0,0,0,0,1
1,3,5,3,1,3,1,1,0,1,0,0,0,2
1,3,5,3,1,3,2,1,0,0,0,0,0,1
1,3,5,3,1,4,2,0,3,2,1,0,0,6
1,3,5,3,1,5,3,0,1,0,0,0,0,1
1,3,5,3,2,2,1,0,0,1,0,0,0,1
1,3,5,3,2,2,2,0,0,2,0,0,0,2
1,3,5,3,2,2,3,0,0,0,1,0,0,1
1,3,5,3,2,3,2,1,0,0,0,0,0,1
1,3,5,3,2,4,2,0,0,0,0,0,1,1
1,3,5,3,2,4,3,0,1,1,0,0,0,2
1,3,5,3,2,5,2,0,1,0,0,0,0,1
1,3,5,3,2,5,3,0,0,1,0,0,0,1
1,3,5,3,3,3,1,0,0,0,1,0,0,1
1,3,5,3,3,3,2,0,0,0,1,1,0,2
1,3,5,3,3,4,2,1,0,1,0,0,0,2
1,3,5,3,3,4,3,0,0,2,0,0,0,2
1,3,5,3,3,5,2,0,0,0,0,1,0,1
1,3,5,3,4,3,2,1,0,0,0,0,0,1
1,3,5,3,4,4,2,0,1,0,0,0,0,1
1,3,5,3,5,3,2,0,0,1,0,0,0,1
1,3,5,3,5,5,2,0,0,1,0,0,0,1
1,3,5,3,6,4,2,0,1,0,0,0,0,1
1,3,5,3,6,5,2,1,0,0,0,0,0,1
1,3,5,4,1,2,1,0,0,0,1,0,0,1
1,3,5,4,1,2,2,0,0,0,0,1,0,1
1,3,5,4,1,3,1,0,1,0,0,0,0,1
1,3,5,4,1,4,2,0,1,0,0,0,0,1
1,3,5,4,2,3,1,0,0,0,1,0,0,1
1,3,5,4,2,4,1,0,1,1,0,0,0,2
1,3,5,4,2,4,2,0,1,0,0,0,0,1
1,3,5,4,4,3,2,0,0,1,0,0,0,1
1,3,5,4,4,4,1,0,1,0,0,0,0,1
1,3,5,4,6,2,1,0,0,0,1,0,0,1
1,3,5,5,2,1,1,0,0,1,0,0,0,1
1,3,5,5,3,2,2,0,1,0,0,0,0,1
1,3,5,5,4,3,2,0,0,1,0,0,0,1
1,3,5,5,6,3,2,0,1,1,0,0,0,2
1,4,1,1,2,3,1,0,0,2,0,0,0,2
1,4,1,1,2,3,2,0,0,1,0,0,0,1
1,4,1,1,2,3,3,0,0,0,1,0,0,1
1,4,1,1,2,4,2,0,1,1,0,0,0,2
1,4,1,1,2,5,2,0,0,0,0,1,0,1
1,4,1,1,3,2,2,0,0,0,0,1,0,1
1,4,1,1,3,2,3,0,0,0,0,1,0,1
1,4,1,1,3,3,2,1,0,0,0,0,0,1
1,4,1,1,3,3,3,0,0,0,1,0,0,1
1,4,1,1,3,4,2,0,0,2,3,0,0,5
1,4,1,1,3,4,3,0,0,0,0,1,0,1
1,4,1,1,3,5,1,0,0,0,0,1,0,1
1,4,1,1,3,5,2,0,0,0,0,1,0,1
1,4,1,1,4,3,2,0,0,0,1,0,0,1
1,4,1,1,4,4,1,0,0,1,0,0,0,1
1,4,1,1,4,4,2,0,0,2,0,0,0,2
1,4,1,1,4,5,2,0,0,0,1,0,0,1
1,4,1,1,4,5,3,0,0,0,0,0,1,1
1,4,1,1,5,2,1,0,0,3,0,0,0,3
1,4,1,1,5,2,2,0,0,1,0,1,0,2
1,4,1,1,5,3,1,0,0,2,0,0,0,2
1,4,1,1,5,3,2,1,1,3,5,1,0,11
1,4,1,1,5,4,2,0,0,8,2,0,2,12
1,4,1,1,5,4,3,0,0,1,0,0,0,1
1,4,1,1,5,5,1,0,0,0,0,1,0,1
1,4,1,1,5,5,2,1,0,0,2,0,0,3
1,4,1,1,6,2,2,0,0,1,1,0,0,2
1,4,1,1,6,3,1,0,0,0,1,0,0,1
1,4,1,1,6,3,2,0,0,2,1,2,2,7
1,4,1,1,6,4,2,0,0,3,1,1,0,5
1,4,1,1,6,4,3,0,0,1,0,0,0,1
1,4,1,1,6,5,2,0,1,1,0,0,0,2
1,4,1,1,6,5,3,0,0,1,0,0,0,1
1,4,1,2,1,3,2,0,1,1,0,0,0,2
1,4,1,2,1,3,3,1,0,1,0,0,0,2
1,4,1,2,1,4,2,0,0,0,2,0,0,2
1,4,1,2,2,1,2,0,0,0,1,0,0,1
1,4,1,2,2,2,1,1,1,1,0,0,0,3
1,4,1,2,2,2,2,0,1,0,2,1,0,4
1,4,1,2,2,3,1,0,0,1,0,0,0,1
1,4,1,2,2,3,2,3,3,0,3,2,0,11
1,4,1,2,2,3,3,0,1,0,0,1,0,2
1,4,1,2,2,4,1,0,0,0,1,1,0,2
1,4,1,2,2,4,2,1,0,7,4,1,0,13
1,4,1,2,2,4,3,0,1,1,4,1,0,7
1,4,1,2,2,5,2,0,1,10,2,2,0,15
1,4,1,2,2,5,3,1,0,1,0,3,0,5
1,4,1,2,3,1,2,0,0,1,1,0,0,2
1,4,1,2,3,2,1,1,2,2,1,0,0,6
1,4,1,2,3,2,2,4,9,9,9,3,1,35
1,4,1,2,3,2,3,0,1,1,0,1,0,3
1,4,1,2,3,3,1,0,2,2,0,0,0,4
1,4,1,2,3,3,2,2,3,5,10,2,0,22
1,4,1,2,3,3,3,0,0,3,0,2,0,5
1,4,1,2,3,4,1,1,0,1,2,1,0,5
1,4,1,2,3,4,2,3,5,7,10,4,0,29
1,4,1,2,3,4,3,0,1,3,1,2,0,7
1,4,1,2,3,5,1,1,2,4,0,0,0,7
1,4,1,2,3,5,2,1,6,17,24,1,1,50
1,4,1,2,3,5,3,1,2,3,4,2,0,12
1,4,1,2,4,2,1,1,0,1,0,0,0,2
1,4,1,2,4,2,2,4,2,4,1,2,0,13
1,4,1,2,4,2,3,0,0,0,0,2,0,2
1,4,1,2,4,3,1,1,1,1,0,1,0,4
1,4,1,2,4,3,2,0,3,3,10,2,0,18
1,4,1,2,4,3,3,1,0,0,0,1,0,2
1,4,1,2,4,4,1,0,0,1,0,0,0,1
1,4,1,2,4,4,2,1,1,3,8,1,0,14
1,4,1,2,4,4,3,0,0,1,1,0,0,2
1,4,1,2,4,5,1,0,0,0,0,1,0,1
1,4,1,2,4,5,2,1,5,13,16,2,0,37
1,4,1,2,4,5,3,0,2,3,3,0,0,8
1,4,1,2,5,1,2,1,0,1,0,0,0,2
1,4,1,2,5,2,1,2,2,7,5,1,0,17
1,4,1,2,5,2,2,6,15,20,9,1,0,51
1,4,1,2,5,2,3,0,1,3,2,0,1,7
1,4,1,2,5,3,1,0,4,6,4,3,0,17
1,4,1,2,5,3,2,4,27,27,30,12,0,100
1,4,1,2,5,3,3,0,2,2,5,6,0,15
1,4,1,2,5,4,1,1,1,8,8,0,0,18
1,4,1,2,5,4,2,7,9,44,28,11,0,99
1,4,1,2,5,4,3,1,4,8,9,0,0,22
1,4,1,2,5,5,1,1,1,3,2,2,0,9
1,4,1,2,5,5,2,8,18,35,36,2,0,99
1,4,1,2,5,5,3,0,6,6,7,2,0,21
1,4,1,2,6,1,1,0,0,1,0,0,0,1
1,4,1,2,6,2,1,0,1,1,0,1,0,3
1,4,1,2,6,2,2,1,4,1,4,6,0,16
1,4,1,2,6,2,3,0,0,0,1,0,0,1
1,4,1,2,6,3,1,0,0,1,2,1,0,4
1,4,1,2,6,3,2,2,5,11,6,8,0,32
1,4,1,2,6,3,3,0,0,3,0,1,0,4
1,4,1,2,6,4,1,0,0,0,1,0,0,1
1,4,1,2,6,4,2,2,2,8,8,2,2,24
1,4,1,2,6,4,3,0,0,2,2,3,0,7
1,4,1,2,6,5,1,0,0,0,2,0,0,2
1,4,1,2,6,5,2,1,3,10,16,3,0,33
1,4,1,2,6,5,3,1,0,1,4,0,0,6
1,4,1,3,2,2,2,1,0,0,0,0,0,1
1,4,1,3,2,4,2,0,0,1,0,0,0,1
1,4,1,3,2,5,2,0,0,1,1,0,0,2
1,4,1,3,3,2,2,0,0,1,0,0,0,1
1,4,1,3,3,3,2,0,1,1,1,0,1,4
1,4,1,3,3,4,2,0,2,0,1,1,0,4
1,4,1,3,3,4,3,0,0,0,1,0,0,1
1,4,1,3,3,5,1,1,0,0,0,0,0,1
1,4,1,3,3,5,2,0,1,1,1,0,0,3
1,4,1,3,4,3,2,0,0,2,1,0,0,3
1,4,1,3,4,4,2,0,1,0,0,0,0,1
1,4,1,3,4,5,1,0,0,1,0,0,0,1
1,4,1,3,4,5,2,0,0,2,0,0,0,2
1,4,1,3,5,2,2,1,1,1,0,0,0,3
1,4,1,3,5,3,1,1,1,0,0,0,0,2
1,4,1,3,5,3,2,1,0,3,0,0,0,4
1,4,1,3,5,3,3,0,0,1,0,0,0,1
1,4,1,3,5,4,1,0,0,1,0,0,0,1
1,4,1,3,5,4,2,0,0,5,0,0,0,5
1,4,1,3,5,4,3,0,0,1,0,0,0,1
1,4,1,3,5,5,1,0,0,1,0,0,0,1
1,4,1,3,5,5,2,1,2,2,1,1,0,7
1,4,1,3,6,2,1,0,1,0,0,0,0,1
1,4,1,3,6,3,3,0,0,0,1,0,0,1
1,4,1,3,6,4,2,0,3,1,1,0,0,5
1,4,1,3,6,5,2,0,0,1,0,0,0,1
1,4,1,4,2,3,2,0,0,0,1,1,0,2
1,4,1,4,2,4,2,0,0,0,1,0,0,1
1,4,1,4,3,3,2,0,0,1,2,1,0,4
1,4,1,4,3,4,1,0,0,1,0,0,0,1
1,4,1,4,3,4,2,0,0,1,0,0,0,1
1,4,1,4,3,5,1,0,0,2,0,0,0,2
1,4,1,4,3,5,2,0,0,1,1,1,0,3
1,4,1,4,4,2,3,0,1,0,0,0,0,1
1,4,1,4,4,3,2,0,0,0,1,0,0,1
1,4,1,4,4,4,2,0,0,2,0,0,0,2
1,4,1,4,4,5,2,0,0,1,1,0,0,2
1,4,1,4,5,2,1,0,0,1,0,0,0,1
1,4,1,4,5,2,2,0,1,3,1,1,0,6
1,4,1,4,5,3,1,0,0,2,0,0,0,2
1,4,1,4,5,3,2,1,1,2,1,1,0,6
1,4,1,4,5,4,1,0,0,2,2,0,0,4
1,4,1,4,5,4,2,1,1,1,1,1,0,5
1,4,1,4,5,4,3,0,0,1,0,0,0,1
1,4,1,4,5,5,1,0,0,1,0,0,0,1
1,4,1,4,5,5,2,0,1,2,1,0,0,4
1,4,1,4,6,3,1,0,0,0,1,0,0,1
1,4,1,4,6,3,2,0,0,3,1,0,0,4
1,4,1,4,6,4,1,0,0,1,0,0,0,1
1,4,1,4,6,4,2,0,0,2,1,1,0,4
1,4,1,4,6,5,1,0,0,0,1,0,0,1
1,4,1,4,6,5,2,0,0,0,1,0,0,1
1,4,1,5,2,2,2,0,0,1,0,0,0,1
1,4,1,5,2,4,1,0,0,1,0,0,0,1
1,4,1,5,3,3,2,0,0,1,1,0,0,2
1,4,1,5,4,2,2,0,0,1,0,0,0,1
1,4,1,5,4,3,2,1,0,1,0,0,0,2
1,4,1,5,4,4,2,0,0,0,1,0,0,1
1,4,1,5,5,2,1,0,1,1,0,0,0,2
1,4,1,5,5,2,2,0,1,3,0,0,0,4
1,4,1,5,5,3,1,0,0,1,0,0,0,1
1,4,1,5,5,3,2,0,1,3,2,0,0,6
1,4,1,5,5,3,3,0,0,0,1,0,0,1
1,4,1,5,5,4,2,0,0,2,1,0,0,3
1,4,1,5,5,4,3,0,0,1,0,0,0,1
1,4,1,5,5,5,2,0,1,0,0,0,0,1
1,4,1,5,6,3,2,1,0,1,0,0,0,2
1,4,1,5,6,4,2,0,1,0,0,0,0,1
1,4,1,5,6,5,2,0,0,1,0,0,0,1
1,4,2,1,1,4,2,0,0,1,0,0,0,1
1,4,2,1,3,4,2,0,0,1,0,0,0,1
1,4,2,1,5,4,1,0,0,0,1,0,0,1
1,4,2,1,5,5,2,0,0,1,0,0,0,1
1,4,2,2,2,5,2,0,0,2,5,0,0,7
1,4,2,2,3,3,2,0,1,1,0,0,0,2
1,4,2,2,3,4,1,0,0,0,0,0,1,1
1,4,2,2,3,4,2,0,1,1,0,0,0,2
1,4,2,2,3,5,2,0,1,1,5,0,0,7
1,4,2,2,4,4,2,0,1,0,0,0,0,1
1,4,2,2,5,4,2,0,0,1,1,0,0,2
1,4,2,2,5,5,2,0,0,1,1,0,0,2
1,4,2,2,6,3,2,0,0,1,0,0,0,1
1,4,2,2,6,3,3,0,0,0,1,0,0,1
1,4,2,2,6,4,2,0,0,0,1,0,0,1
1,4,2,2,6,5,2,0,0,1,2,0,0,3
1,4,2,2,6,5,3,0,0,1,0,0,0,1
1,4,2,3,3,5,2,0,1,0,0,0,0,1
1,4,2,4,5,4,2,0,0,1,0,0,0,1
1,4,2,4,6,5,2,0,0,0,0,1,0,1
1,4,3,1,1,3,2,0,0,0,1,0,0,1
1,4,3,1,2,3,2,0,0,0,1,0,0,1
1,4,3,1,2,3,3,0,0,1,0,0,0,1
1,4,3,1,2,5,2,0,0,0,2,0,0,2
1,4,3,1,3,3,2,0,1,0,0,0,0,1
1,4,3,1,3,4,1,0,0,1,0,0,0,1
1,4,3,1,5,3,3,0,0,0,0,1,0,1
1,4,3,2,1,3,1,0,0,1,0,0,0,1
1,4,3,2,1,3,2,0,0,0,1,0,0,1
1,4,3,2,1,3,3,0,0,1,0,0,0,1
1,4,3,2,1,4,2,0,0,0,1,0,0,1
1,4,3,2,1,4,3,0,0,1,0,0,0,1
1,4,3,2,1,5,1,0,1,0,0,0,0,1
1,4,3,2,1,5,2,0,0,2,1,0,0,3
1,4,3,2,2,2,2,0,0,0,1,0,0,1
1,4,3,2,2,2,3,0,0,1,0,1,0,2
1,4,3,2,2,3,2,0,1,3,1,0,0,5
1,4,3,2,2,3,3,0,0,0,0,0,1,1
1,4,3,2,2,4,1,0,0,2,0,0,0,2
1,4,3,2,2,4,2,0,1,3,2,1,0,7
1,4,3,2,2,4,3,0,0,0,2,0,0,2
1,4,3,2,2,5,1,0,0,1,0,0,0,1
1,4,3,2,2,5,2,0,1,1,4,0,0,6
1,4,3,2,3,2,2,1,2,1,0,0,0,4
1,4,3,2,3,2,3,1,0,0,0,0,0,1
1,4,3,2,3,3,2,0,1,2,0,0,1,4
1,4,3,2,3,3,3,0,0,0,1,0,0,1
1,4,3,2,3,4,2,2,1,4,1,0,0,8
1,4,3,2,3,5,1,0,0,1,0,0,0,1
1,4,3,2,3,5,2,2,0,3,3,0,0,8
1,4,3,2,4,2,3,0,0,0,1,0,0,1
1,4,3,2,4,3,2,1,1,0,0,0,0,2
1,4,3,2,4,4,2,0,0,1,2,1,0,4
1,4,3,2,4,5,1,0,0,1,0,0,0,1
1,4,3,2,4,5,2,1,0,1,1,0,0,3
1,4,3,2,4,5,3,0,0,1,0,0,0,1
1,4,3,2,5,2,2,1,1,0,1,0,0,3
1,4,3,2,5,3,2,0,0,1,1,3,0,5
1,4,3,2,5,4,1,0,0,0,2,0,0,2
1,4,3,2,5,4,2,0,1,4,2,0,0,7
1,4,3,2,5,4,3,0,0,0,1,0,0,1
1,4,3,2,5,5,1,0,0,1,0,0,0,1
1,4,3,2,5,5,2,0,2,1,1,1,0,5
1,4,3,2,6,2,2,0,0,0,1,0,0,1
1,4,3,2,6,3,1,0,0,0,1,0,0,1
1,4,3,2,6,3,2,1,0,2,0,0,0,3
1,4,3,2,6,4,1,0,0,1,0,1,0,2
1,4,3,2,6,4,2,0,0,2,1,0,0,3
1,4,3,2,6,5,2,0,0,2,1,0,0,3
1,4,3,3,2,4,1,0,1,0,0,0,0,1
1,4,3,3,2,4,2,2,1,0,0,0,0,3
1,4,3,3,2,5,1,0,0,1,0,0,0,1
1,4,3,3,2,5,2,0,1,0,0,0,0,1
1,4,3,3,3,4,2,0,0,3,1,0,0,4
1,4,3,3,3,5,1,0,0,1,0,0,0,1
1,4,3,3,3,5,2,0,0,0,1,0,0,1
1,4,3,3,5,3,2,0,0,1,0,0,0,1
1,4,3,3,5,4,2,0,1,0,0,0,0,1
1,4,3,3,5,5,2,0,0,1,0,0,0,1
1,4,3,3,5,5,3,0,0,1,0,0,0,1
1,4,3,3,6,4,2,0,1,0,0,0,0,1
1,4,3,3,6,5,2,1,0,0,0,0,0,1
1,4,3,4,2,4,2,0,0,1,0,0,0,1
1,4,3,4,6,2,2,0,0,1,0,0,0,1
1,4,3,5,5,4,2,0,0,1,0,0,0,1
1,4,4,1,6,2,3,0,1,0,0,0,0,1
1,4,4,2,2,5,2,0,0,2,0,0,0,2
1,4,4,2,3,3,2,0,0,1,0,0,0,1
1,4,4,2,3,4,1,0,0,0,1,0,0,1
1,4,4,2,4,3,3,0,1,0,0,0,0,1
1,4,4,2,4,5,2,0,1,0,0,0,0,1
1,4,4,2,5,2,2,1,0,1,0,0,0,2
1,4,4,2,5,3,1,0,0,0,1,0,0,1
1,4,4,2,5,3,2,0,1,0,0,0,0,1
1,4,4,2,5,4,2,0,0,0,1,0,0,1
1,4,4,2,6,4,2,0,0,0,0,1,0,1
1,4,4,3,1,3,2,0,0,0,1,0,0,1
1,4,4,3,2,4,2,0,0,1,0,0,0,1
1,4,4,3,5,3,3,0,0,1,0,0,0,1
1,4,4,5,2,2,2,0,0,1,0,0,0,1
1,4,5,1,1,1,2,0,0,1,0,0,0,1
1,4,5,1,1,2,2,0,0,0,0,1,0,1
1,4,5,1,1,3,2,1,1,0,1,0,0,3
1,4,5,1,1,4,2,0,0,1,0,0,0,1
1,4,5,1,2,1,2,0,1,0,1,0,0,2
1,4,5,1,2,2,2,0,1,0,0,0,0,1
1,4,5,1,2,3,1,0,0,1,0,0,0,1
1,4,5,1,2,3,2,1,0,0,0,0,0,1
1,4,5,1,2,4,2,0,0,1,0,0,0,1
1,4,5,1,2,5,2,0,0,0,1,0,0,1
1,4,5,1,3,1,3,0,1,0,0,0,0,1
1,4,5,1,3,3,1,0,1,0,0,0,0,1
1,4,5,1,3,4,1,0,1,0,0,0,0,1
1,4,5,1,3,4,2,0,1,0,2,0,0,3
1,4,5,1,4,2,3,0,1,0,0,0,0,1
1,4,5,1,5,2,1,0,0,1,0,0,0,1
1,4,5,1,5,3,1,1,0,0,0,0,0,1
1,4,5,1,5,4,3,0,0,1,0,0,0,1
1,4,5,1,6,1,2,0,0,2,0,0,0,2
1,4,5,1,6,3,2,0,0,0,1,0,0,1
1,4,5,2,1,1,2,0,1,0,0,0,0,1
1,4,5,2,1,1,3,0,0,1,0,0,0,1
1,4,5,2,1,2,2,1,1,1,1,0,0,4
1,4,5,2,1,2,3,0,0,0,1,0,0,1
1,4,5,2,1,3,2,1,0,2,1,1,0,5
1,4,5,2,1,3,3,0,0,0,0,1,0,1
1,4,5,2,1,4,2,1,0,1,1,0,0,3
1,4,5,2,1,4,3,0,0,1,0,0,0,1
1,4,5,2,1,5,1,0,0,0,1,0,0,1
1,4,5,2,1,5,2,0,0,0,1,0,0,1
1,4,5,2,1,5,3,0,0,0,1,0,0,1
1,4,5,2,2,1,1,0,1,0,0,1,0,2
1,4,5,2,2,1,2,7,1,0,3,1,0,12
1,4,5,2,2,1,3,0,1,0,0,0,0,1
1,4,5,2,2,2,1,1,0,1,0,0,0,2
1,4,5,2,2,2,2,1,2,5,5,3,0,16
1,4,5,2,2,2,3,0,1,3,1,0,1,6
1,4,5,2,2,3,1,0,1,0,0,0,1,2
1,4,5,2,2,3,2,1,2,7,5,2,0,17
1,4,5,2,2,3,3,0,0,0,1,0,0,1
1,4,5,2,2,4,1,0,1,0,0,0,0,1
1,4,5,2,2,4,2,1,1,7,2,1,0,12
1,4,5,2,2,4,3,0,1,0,0,0,0,1
1,4,5,2,2,5,1,1,0,2,0,0,0,3
1,4,5,2,2,5,2,1,2,3,2,0,0,8
1,4,5,2,3,1,1,1,0,0,0,0,0,1
1,4,5,2,3,1,2,3,0,0,1,2,0,6
1,4,5,2,3,1,3,0,1,0,1,0,0,2
1,4,5,2,3,2,1,1,0,0,0,0,0,1
1,4,5,2,3,2,2,4,3,6,0,0,0,13
1,4,5,2,3,2,3,0,0,1,2,0,0,3
1,4,5,2,3,3,1,3,0,0,1,1,0,5
1,4,5,2,3,3,2,2,2,7,3,1,0,15
1,4,5,2,3,3,3,0,1,0,1,0,0,2
1,4,5,2,3,4,2,1,4,3,3,1,0,12
1,4,5,2,3,4,3,0,0,1,0,1,0,2
1,4,5,2,3,5,1,0,0,1,0,0,0,1
1,4,5,2,3,5,2,0,1,2,0,0,0,3
1,4,5,2,4,1,2,1,1,0,0,0,0,2
1,4,5,2,4,2,1,0,0,2,0,0,0,2
1,4,5,2,4,2,2,2,1,3,0,0,0,6
1,4,5,2,4,2,3,0,0,1,0,0,0,1
1,4,5,2,4,3,2,1,3,1,2,0,0,7
1,4,5,2,4,4,2,0,0,3,2,1,0,6
1,4,5,2,4,5,2,0,0,1,2,0,0,3
1,4,5,2,5,1,2,3,4,2,0,0,0,9
1,4,5,2,5,2,1,0,1,2,0,0,0,3
1,4,5,2,5,2,2,5,3,6,3,0,0,17
1,4,5,2,5,3,1,1,1,2,1,0,0,5
1,4,5,2,5,3,2,0,6,4,4,1,0,15
1,4,5,2,5,3,3,0,0,1,1,0,0,2
1,4,5,2,5,4,1,0,2,0,0,0,0,2
1,4,5,2,5,4,2,0,0,2,1,0,0,3
1,4,5,2,5,5,1,0,0,0,0,1,0,1
1,4,5,2,5,5,2,0,0,1,0,0,0,1
1,4,5,2,5,5,3,0,0,1,0,0,0,1
1,4,5,2,6,1,1,0,0,0,0,1,0,1
1,4,5,2,6,1,2,1,4,3,0,0,0,8
1,4,5,2,6,1,3,0,0,1,0,0,0,1
1,4,5,2,6,2,2,0,1,0,1,0,0,2
1,4,5,2,6,2,3,1,0,0,0,0,0,1
1,4,5,2,6,3,1,0,1,1,0,1,0,3
1,4,5,2,6,3,2,4,0,3,3,2,0,12
1,4,5,2,6,3,3,0,0,0,1,0,0,1
1,4,5,2,6,4,2,0,1,4,3,0,0,8
1,4,5,2,6,5,2,1,3,2,1,1,0,8
1,4,5,3,1,2,2,0,0,2,0,0,0,2
1,4,5,3,1,3,2,0,0,0,0,0,1,1
1,4,5,3,2,1,2,0,0,1,0,0,0,1
1,4,5,3,2,2,1,1,0,0,0,0,0,1
1,4,5,3,2,4,1,0,1,1,0,0,0,2
1,4,5,3,2,4,2,0,1,0,0,1,0,2
1,4,5,3,2,5,3,0,0,1,0,0,0,1
1,4,5,3,3,3,2,0,0,2,0,0,0,2
1,4,5,3,3,4,2,1,0,0,0,0,0,1
1,4,5,3,3,5,2,0,1,0,0,0,0,1
1,4,5,3,5,1,1,0,1,0,0,0,0,1
1,4,5,3,5,3,2,0,0,1,0,0,0,1
1,4,5,3,6,1,2,0,0,0,1,0,0,1
1,4,5,3,6,2,1,0,0,1,0,0,0,1
1,4,5,3,6,2,2,0,0,0,0,0,1,1
1,4,5,3,6,3,2,0,0,2,0,0,0,2
1,4,5,3,6,4,2,1,1,0,0,0,0,2
1,4,5,4,1,1,2,0,1,0,0,0,0,1
1,4,5,4,1,2,2,0,1,0,0,0,0,1
1,4,5,4,1,3,2,0,1,0,0,0,0,1
1,4,5,4,1,4,2,0,0,1,0,0,0,1
1,4,5,4,2,1,1,0,0,1,0,0,0,1
1,4,5,4,2,1,2,1,0,0,0,0,0,1
1,4,5,4,2,2,1,0,0,0,0,1,0,1
1,4,5,4,2,2,2,0,1,0,0,0,0,1
1,4,5,4,2,3,1,1,0,1,0,0,0,2
1,4,5,4,2,4,2,0,0,0,1,0,0,1
1,4,5,4,3,2,1,1,0,0,0,0,0,1
1,4,5,4,3,2,2,0,0,2,0,0,0,2
1,4,5,4,3,3,2,0,0,2,0,0,0,2
1,4,5,4,3,3,3,0,0,0,1,0,0,1
1,4,5,4,4,2,2,0,0,2,0,0,0,2
1,4,5,4,4,3,2,0,0,1,1,0,0,2
1,4,5,4,4,4,2,0,1,0,0,0,0,1
1,4,5,4,5,1,2,0,0,0,1,0,0,1
1,4,5,4,5,2,2,1,0,0,0,0,0,1
1,4,5,4,5,3,2,0,1,1,0,0,0,2
1,4,5,4,5,4,1,0,0,1,0,0,0,1
1,4,5,4,5,4,2,0,1,0,0,0,0,1
1,4,5,4,6,2,2,0,0,1,0,0,0,1
1,4,5,5,2,1,2,0,0,1,0,0,0,1
1,4,5,5,3,2,2,0,1,2,0,0,0,3
1,4,5,5,3,3,1,0,1,0,0,0,0,1
1,4,5,5,4,2,1,1,0,0,0,0,0,1
1,4,5,5,4,2,2,0,0,1,0,0,0,1
1,4,5,5,4,3,2,0,1,0,1,0,0,2
1,4,5,5,5,2,2,0,0,0,0,1,0,1
1,4,5,5,6,2,1,0,0,2,0,0,0,2
1,4,5,5,6,2,2,0,0,1,0,0,0,1
2,1,1,1,1,5,2,0,0,0,1,0,0,1
2,1,1,1,2,5,2,0,0,0,0,1,0,1
2,1,1,1,5,5,3,0,0,1,0,0,0,1
2,1,1,2,1,2,2,0,0,2,0,0,0,2
2,1,1,2,1,4,2,0,0,1,1,0,0,2
2,1,1,2,1,4,3,0,0,0,1,1,0,2
2,1,1,2,1,5,2,1,1,0,0,0,0,2
2,1,1,2,2,1,2,0,0,1,0,0,0,1
2,1,1,2,2,2,3,0,0,0,0,0,1,1
2,1,1,2,2,3,2,0,0,1,0,0,0,1
2,1,1,2,2,3,3,0,0,0,0,1,0,1
2,1,1,2,2,4,1,0,0,1,0,0,0,1
2,1,1,2,2,4,2,0,0,0,1,0,1,2
2,1,1,2,2,4,3,0,0,1,0,0,0,1
2,1,1,2,2,5,2,0,0,0,2,0,0,2
2,1,1,2,2,5,3,0,0,0,0,0,1,1
2,1,1,2,3,2,2,0,0,1,0,0,0,1
2,1,1,2,3,4,3,0,0,0,1,0,0,1
2,1,1,2,3,5,2,0,0,0,1,0,0,1
2,1,1,3,1,3,2,0,0,1,0,0,1,2
2,1,1,3,2,4,2,0,0,1,0,0,0,1
2,1,2,2,1,4,3,0,0,0,0,0,1,1
2,1,2,2,1,5,2,0,1,1,1,2,1,6
2,1,2,2,2,3,2,0,0,0,1,0,0,1
2,1,2,2,2,5,3,0,0,0,1,0,0,1
2,1,2,2,4,5,2,0,0,0,0,1,0,1
2,1,2,2,5,5,2,0,0,1,0,0,0,1
2,1,2,2,6,5,2,0,0,2,0,0,0,2
2,1,2,3,2,4,2,1,0,0,0,0,0,1
2,1,3,2,1,3,2,0,0,1,0,0,0,1
2,1,3,2,1,4,2,0,0,1,0,1,0,2
2,1,3,2,1,4,3,0,0,1,0,0,1,2
2,1,3,2,1,5,2,0,1,0,1,0,0,2
2,1,3,2,2,5,1,0,0,0,1,0,0,1
2,1,3,2,2,5,2,0,0,1,0,1,0,2
2,1,3,2,5,5,2,0,0,1,0,0,0,1
2,1,3,4,1,4,1,0,1,0,0,0,0,1
2,1,4,2,1,3,2,0,0,0,0,0,1,1
2,1,4,2,3,3,2,0,0,0,0,0,1,1
2,1,5,2,1,1,2,0,0,0,1,0,0,1
2,1,5,2,1,2,2,0,0,0,0,0,1,1
2,1,5,2,2,4,2,0,0,1,0,0,0,1
2,1,5,2,2,5,2,0,0,1,1,0,0,2
2,1,5,2,6,3,2,0,0,1,0,0,0,1
2,1,5,2,6,5,2,0,0,1,0,0,0,1
2,1,5,3,1,1,2,0,0,0,0,0,1,1
2,1,5,3,1,4,1,0,0,0,0,1,0,1
2,1,5,4,1,3,2,0,1,0,0,0,0,1
2,2,1,1,1,3,2,0,0,1,0,0,0,1
2,2,1,1,2,1,2,0,0,0,0,0,1,1
2,2,1,1,2,5,2,0,0,0,0,0,1,1
2,2,1,1,3,2,2,1,0,0,0,0,0,1
2,2,1,1,3,3,2,0,0,0,0,0,1,1
2,2,1,1,3,4,1,0,0,1,0,1,0,2
2,2,1,1,3,5,1,0,0,1,0,0,0,1
2,2,1,1,4,5,2,0,0,1,0,0,0,1
2,2,1,1,5,2,1,0,1,0,0,0,0,1
2,2,1,1,5,3,2,0,0,0,1,0,0,1
2,2,1,1,6,3,2,0,0,0,1,0,0,1
2,2,1,2,1,1,3,0,0,0,0,0,1,1
2,2,1,2,1,2,1,0,1,0,0,0,0,1
2,2,1,2,1,2,2,1,0,0,0,0,0,1
2,2,1,2,1,2,3,0,0,0,0,1,0,1
2,2,1,2,1,3,1,0,1,0,0,0,0,1
2,2,1,2,1,3,2,0,1,0,1,0,0,2
2,2,1,2,1,3,3,0,1,0,0,0,0,1
2,2,1,2,1,4,1,0,0,0,2,0,0,2
2,2,1,2,1,4,2,1,2,5,2,0,1,11
2,2,1,2,1,4,3,0,0,1,0,1,0,2
2,2,1,2,1,5,2,0,0,0,2,0,0,2
2,2,1,2,2,2,1,1,0,0,0,0,0,1
2,2,1,2,2,2,2,2,3,4,0,0,2,11
2,2,1,2,2,2,3,1,0,0,0,4,0,5
2,2,1,2,2,3,1,0,1,0,0,0,0,1
2,2,1,2,2,3,2,1,3,7,7,1,2,21
2,2,1,2,2,3,3,0,1,3,2,2,1,9
2,2,1,2,2,4,1,0,1,1,2,0,1,5
2,2,1,2,2,4,2,3,2,16,10,3,1,35
2,2,1,2,2,4,3,0,0,11,8,5,2,26
2,2,1,2,2,5,1,1,1,1,1,2,1,7
2,2,1,2,2,5,2,1,7,15,21,7,4,55
2,2,1,2,2,5,3,0,4,12,10,4,3,33
2,2,1,2,3,2,1,0,0,0,1,0,0,1
2,2,1,2,3,2,2,1,2,3,2,2,2,12
2,2,1,2,3,2,3,0,0,0,5,1,0,6
2,2,1,2,3,3,1,0,0,2,1,0,0,3
2,2,1,2,3,3,2,1,2,7,8,1,1,20
2,2,1,2,3,3,3,0,1,4,2,2,0,9
2,2,1,2,3,4,1,0,0,3,1,0,0,4
2,2,1,2,3,4,2,1,6,15,13,2,3,40
2,2,1,2,3,4,3,0,1,8,3,4,0,16
2,2,1,2,3,5,1,0,1,3,0,0,0,4
2,2,1,2,3,5,2,2,8,8,10,4,0,32
2,2,1,2,3,5,3,0,2,2,4,2,1,11
2,2,1,2,4,2,2,0,0,1,0,1,0,2
2,2,1,2,4,3,2,0,0,2,1,0,0,3
2,2,1,2,4,3,3,0,0,1,1,1,0,3
2,2,1,2,4,4,1,0,0,0,1,0,0,1
2,2,1,2,4,4,2,0,0,7,1,0,0,8
2,2,1,2,4,4,3,1,1,0,3,0,0,5
2,2,1,2,4,5,2,1,2,3,2,1,0,9
2,2,1,2,5,1,2,0,0,1,0,0,0,1
2,2,1,2,5,3,2,0,0,4,4,2,0,10
2,2,1,2,5,3,3,0,0,0,1,1,0,2
2,2,1,2,5,4,1,0,0,1,0,0,0,1
2,2,1,2,5,4,2,0,0,4,7,1,1,13
2,2,1,2,5,4,3,0,0,0,1,0,0,1
2,2,1,2,5,5,1,0,0,0,0,1,0,1
2,2,1,2,5,5,2,0,0,2,2,0,0,4
2,2,1,2,5,5,3,0,1,1,0,0,0,2
2,2,1,2,6,2,1,0,0,0,0,0,1,1
2,2,1,2,6,2,3,0,0,0,0,1,0,1
2,2,1,2,6,3,1,0,0,0,0,2,2,4
2,2,1,2,6,3,2,1,0,3,1,0,0,5
2,2,1,2,6,3,3,0,1,0,0,0,0,1
2,2,1,2,6,4,1,0,0,0,0,1,0,1
2,2,1,2,6,4,2,0,2,1,6,2,0,11
2,2,1,2,6,4,3,0,0,1,0,0,0,1
2,2,1,2,6,5,1,0,2,3,1,0,0,6
2,2,1,2,6,5,2,2,3,9,12,1,0,27
2,2,1,2,6,5,3,0,0,2,2,1,0,5
2,2,1,3,1,3,2,0,0,0,0,1,0,1
2,2,1,3,1,4,2,0,1,0,0,0,0,1
2,2,1,3,1,4,3,0,0,1,0,0,0,1
2,2,1,3,1,5,2,1,0,0,0,0,0,1
2,2,1,3,2,3,2,0,0,1,0,0,1,2
2,2,1,3,2,3,3,1,0,0,0,0,0,1
2,2,1,3,2,4,1,1,0,0,0,0,0,1
2,2,1,3,2,4,2,0,1,1,0,0,0,2
2,2,1,3,2,5,2,0,0,4,0,0,0,4
2,2,1,3,3,2,2,0,0,1,0,0,0,1
2,2,1,3,3,3,2,0,0,1,0,0,0,1
2,2,1,3,3,4,2,0,2,1,0,0,0,3
2,2,1,3,3,4,3,0,0,0,1,0,0,1
2,2,1,3,3,5,2,0,1,0,0,0,0,1
2,2,1,3,4,3,2,0,1,1,0,0,0,2
2,2,1,3,4,5,2,0,0,1,0,0,0,1
2,2,1,3,5,3,1,0,0,1,0,0,0,1
2,2,1,3,5,4,2,0,0,0,0,0,1,1
2,2,1,3,6,5,2,0,1,0,0,0,1,2
2,2,1,4,1,4,2,1,0,0,0,0,0,1
2,2,1,4,2,2,2,0,0,1,0,0,0,1
2,2,1,4,2,3,1,0,1,0,0,0,0,1
2,2,1,4,2,3,2,0,0,0,0,1,0,1
2,2,1,4,2,4,2,0,0,0,0,2,0,2
2,2,1,4,2,5,1,0,1,0,0,0,0,1
2,2,1,4,2,5,2,0,0,1,1,0,0,2
2,2,1,4,2,5,3,0,0,1,0,0,0,1
2,2,1,4,3,2,2,0,1,0,0,0,0,1
2,2,1,4,3,3,1,0,0,1,0,0,0,1
2,2,1,4,3,3,2,0,0,1,0,0,0,1
2,2,1,4,3,5,1,0,0,0,0,1,0,1
2,2,1,4,4,4,1,0,0,0,0,1,0,1
2,2,1,4,4,4,3,0,0,0,1,0,0,1
2,2,1,4,4,5,3,0,0,0,1,0,0,1
2,2,1,4,5,2,2,1,0,0,0,0,0,1
2,2,1,4,5,3,2,0,0,0,1,0,0,1
2,2,1,4,5,4,1,0,0,0,1,0,0,1
2,2,1,4,6,2,1,0,0,0,0,0,1,1
2,2,1,4,6,4,2,0,0,0,1,1,0,2
2,2,1,4,6,5,1,0,1,0,0,0,0,1
2,2,1,5,6,5,2,0,0,1,0,0,0,1
2,2,2,1,1,5,2,0,0,1,1,0,0,2
2,2,2,1,2,5,2,0,0,1,0,0,0,1
2,2,2,1,2,5,3,0,0,0,0,1,0,1
2,2,2,1,6,5,2,0,0,0,1,0,0,1
2,2,2,2,1,2,2,0,0,0,0,1,0,1
2,2,2,2,1,2,3,0,0,0,1,0,0,1
2,2,2,2,1,3,1,0,0,1,0,0,0,1
2,2,2,2,1,3,2,0,0,1,0,0,0,1
2,2,2,2,1,4,2,0,0,4,0,0,0,4
2,2,2,2,1,4,3,0,0,1,3,0,0,4
2,2,2,2,1,5,1,0,0,1,1,0,0,2
2,2,2,2,1,5,2,0,2,10,7,3,1,23
2,2,2,2,1,5,3,1,0,1,3,3,0,8
2,2,2,2,2,3,2,0,1,1,0,0,0,2
2,2,2,2,2,3,3,0,0,0,0,1,0,1
2,2,2,2,2,4,2,0,0,6,1,0,1,8
2,2,2,2,2,4,3,0,0,1,1,0,0,2
2,2,2,2,2,5,1,0,3,2,0,0,0,5
2,2,2,2,2,5,2,1,5,16,17,8,1,48
2,2,2,2,2,5,3,1,3,4,6,3,1,18
2,2,2,2,3,4,2,0,0,0,1,0,0,1
2,2,2,2,3,4,3,0,0,0,0,1,0,1
2,2,2,2,3,5,1,0,0,0,1,0,0,1
2,2,2,2,3,5,2,0,2,6,2,2,0,12
2,2,2,2,3,5,3,0,1,2,0,0,0,3
2,2,2,2,4,4,2,0,0,1,0,0,0,1
2,2,2,2,4,5,2,1,0,1,0,0,0,2
2,2,2,2,5,4,2,0,0,2,0,0,0,2
2,2,2,2,5,5,2,0,0,0,0,1,0,1
2,2,2,2,5,5,3,0,0,0,0,1,0,1
2,2,2,2,6,2,2,0,0,1,0,0,0,1
2,2,2,2,6,5,1,0,0,1,0,0,0,1
2,2,2,2,6,5,2,2,0,4,2,4,0,12
2,2,2,2,6,5,3,1,0,1,3,1,0,6
2,2,2,3,1,3,2,1,0,0,0,0,1,2
2,2,2,3,2,5,2,0,0,2,0,2,0,4
2,2,2,3,3,5,2,0,1,0,0,0,0,1
2,2,2,4,2,4,2,0,0,1,0,0,0,1
2,2,2,4,6,4,1,0,0,0,0,1,0,1
2,2,3,1,1,3,3,0,0,0,0,0,1,1
2,2,3,1,2,2,2,0,0,0,0,0,1,1
2,2,3,1,2,3,3,0,0,0,1,0,0,1
2,2,3,1,6,4,2,0,0,0,1,0,0,1
2,2,3,2,1,2,2,0,0,1,1,0,0,2
2,2,3,2,1,2,3,0,0,0,0,0,1,1
2,2,3,2,1,3,3,0,0,0,0,0,1,1
2,2,3,2,1,4,1,0,0,1,0,0,0,1
2,2,3,2,1,4,2,0,4,3,2,1,4,14
2,2,3,2,1,4,3,0,0,2,1,0,0,3
2,2,3,2,1,5,1,0,0,1,1,0,0,2
2,2,3,2,1,5,2,1,4,5,6,1,0,17
2,2,3,2,1,5,3,1,0,3,0,1,1,6
2,2,3,2,2,2,2,0,1,0,1,0,0,2
2,2,3,2,2,3,2,0,1,2,3,2,0,8
2,2,3,2,2,3,3,0,0,0,1,0,0,1
2,2,3,2,2,4,1,0,1,2,0,1,0,4
2,2,3,2,2,4,2,2,2,7,2,1,0,14
2,2,3,2,2,4,3,0,1,1,1,0,0,3
2,2,3,2,2,5,1,1,0,2,1,0,0,4
2,2,3,2,2,5,2,1,8,9,7,1,2,28
2,2,3,2,2,5,3,0,0,3,1,0,0,4
2,2,3,2,3,2,2,0,0,1,0,0,0,1
2,2,3,2,3,3,2,0,0,2,0,0,0,2
2,2,3,2,3,3,3,1,0,1,0,0,0,2
2,2,3,2,3,4,2,0,0,0,1,0,0,1
2,2,3,2,3,5,1,0,1,0,0,0,0,1
2,2,3,2,3,5,2,0,0,2,0,0,0,2
2,2,3,2,4,3,3,0,0,1,0,0,0,1
2,2,3,2,4,4,2,0,0,0,1,0,0,1
2,2,3,2,4,5,2,0,0,2,0,0,0,2
2,2,3,2,5,5,2,0,0,0,1,0,0,1
2,2,3,2,6,2,3,0,0,1,0,0,0,1
2,2,3,2,6,3,2,0,0,1,0,0,0,1
2,2,3,2,6,4,2,0,0,1,0,1,1,3
2,2,3,2,6,5,2,0,0,1,0,0,0,1
2,2,3,2,6,5,3,0,0,2,0,0,0,2
2,2,3,3,1,3,2,0,0,0,1,0,0,1
2,2,3,3,1,4,2,0,1,0,0,0,0,1
2,2,3,3,1,5,1,1,0,0,0,0,0,1
2,2,3,3,1,5,3,0,0,0,0,0,1,1
2,2,3,3,2,5,2,0,1,0,0,0,0,1
2,2,3,3,3,3,2,0,1,0,0,0,0,1
2,2,3,3,3,5,2,0,0,1,0,0,0,1
2,2,3,3,6,4,1,0,1,0,0,0,0,1
2,2,3,3,6,4,2,0,0,0,1,0,1,2
2,2,3,4,2,4,2,0,1,1,0,0,0,2
2,2,3,4,2,5,3,0,1,0,0,1,0,2
2,2,3,5,1,5,2,0,0,0,0,0,1,1
2,2,4,2,1,3,2,1,0,0,0,0,0,1
2,2,4,2,1,3,3,0,0,1,0,0,0,1
2,2,4,2,1,5,2,0,1,0,1,0,0,2
2,2,4,2,2,2,3,0,1,0,0,0,0,1
2,2,4,2,2,3,2,0,1,1,0,0,0,2
2,2,4,2,2,3,3,0,0,1,0,0,0,1
2,2,4,2,2,4,2,0,0,0,1,0,0,1
2,2,4,2,2,4,3,0,0,0,0,1,0,1
2,2,4,2,2,5,1,0,0,1,0,0,0,1
2,2,4,2,2,5,2,0,0,1,0,0,0,1
2,2,4,2,2,5,3,0,0,1,0,0,0,1
2,2,4,2,3,3,3,0,0,0,0,1,0,1
2,2,4,2,3,4,2,0,0,0,1,0,1,2
2,2,4,2,6,4,2,0,0,1,0,0,0,1
2,2,4,3,1,3,3,0,0,1,0,0,0,1
2,2,4,3,1,4,2,0,1,0,0,0,0,1
2,2,4,3,6,4,2,0,0,1,0,0,0,1
2,2,4,4,6,2,1,0,0,0,1,0,0,1
2,2,5,1,2,3,2,0,0,0,0,0,1,1
2,2,5,1,2,4,1,0,0,1,0,0,0,1
2,2,5,1,2,4,2,0,1,0,0,0,0,1
2,2,5,1,2,5,2,0,0,1,0,0,0,1
2,2,5,1,3,2,2,0,0,1,0,0,0,1
2,2,5,1,5,1,2,1,0,0,0,0,0,1
2,2,5,1,6,2,2,0,0,1,0,0,0,1
2,2,5,2,1,1,2,0,0,0,0,0,1,1
2,2,5,2,1,2,2,0,0,2,1,0,0,3
2,2,5,2,1,2,3,0,1,0,0,0,1,2
2,2,5,2,1,3,2,0,1,1,1,0,2,5
2,2,5,2,1,3,3,0,0,0,0,0,1,1
2,2,5,2,1,4,2,1,1,2,2,0,3,9
2,2,5,2,1,4,3,0,0,0,2,0,0,2
2,2,5,2,1,5,1,0,1,0,0,0,0,1
2,2,5,2,1,5,2,0,2,1,2,0,0,5
2,2,5,2,1,5,3,0,0,0,1,0,1,2
2,2,5,2,2,1,2,0,0,1,0,0,0,1
2,2,5,2,2,2,2,1,0,0,0,0,0,1
2,2,5,2,2,2,3,1,2,0,1,0,0,4
2,2,5,2,2,3,1,0,0,0,0,2,0,2
2,2,5,2,2,3,2,2,1,2,2,1,0,8
2,2,5,2,2,3,3,0,1,1,0,1,0,3
2,2,5,2,2,4,2,1,2,4,4,0,0,11
2,2,5,2,2,4,3,0,0,2,1,0,0,3
2,2,5,2,2,5,1,0,0,0,1,0,0,1
2,2,5,2,2,5,2,0,1,2,1,0,0,4
2,2,5,2,3,3,2,0,1,1,0,0,0,2
2,2,5,2,3,3,3,0,1,0,0,0,0,1
2,2,5,2,3,4,2,0,0,1,1,1,0,3
2,2,5,2,3,4,3,0,0,1,1,0,0,2
2,2,5,2,3,5,2,0,0,1,1,0,0,2
2,2,5,2,3,5,3,0,0,1,0,0,0,1
2,2,5,2,4,5,2,0,0,1,0,0,0,1
2,2,5,2,5,2,3,0,1,0,0,0,0,1
2,2,5,2,5,4,2,1,0,0,0,0,0,1
2,2,5,2,5,4,3,0,0,1,0,0,0,1
2,2,5,2,6,1,2,0,0,0,0,1,0,1
2,2,5,2,6,2,2,0,0,2,0,1,0,3
2,2,5,2,6,3,1,0,0,0,2,0,0,2
2,2,5,2,6,3,2,0,0,1,0,1,0,2
2,2,5,2,6,3,3,0,0,0,0,1,0,1
2,2,5,2,6,4,2,0,0,1,0,0,0,1
2,2,5,2,6,5,2,0,0,1,0,0,0,1
2,2,5,3,1,2,2,0,0,0,0,0,1,1
2,2,5,3,1,3,2,0,1,1,0,0,1,3
2,2,5,3,1,4,1,0,0,1,0,0,0,1
2,2,5,3,1,4,2,0,1,0,0,1,0,2
2,2,5,3,1,5,2,0,0,1,1,0,0,2
2,2,5,3,2,2,2,0,0,0,0,1,0,1
2,2,5,3,2,3,1,0,0,3,0,0,0,3
2,2,5,3,2,3,2,0,1,0,0,0,0,1
2,2,5,3,2,4,2,0,1,0,1,1,0,3
2,2,5,3,3,4,2,0,1,0,0,0,0,1
2,2,5,3,6,2,2,0,0,1,0,0,0,1
2,2,5,3,6,5,2,0,1,0,0,0,0,1
2,2,5,4,1,4,2,1,0,0,0,0,0,1
2,2,5,4,2,2,2,0,0,0,0,0,1,1
2,2,5,4,2,3,1,0,0,0,0,0,1,1
2,2,5,4,2,3,2,0,1,0,0,0,0,1
2,2,5,4,2,4,3,0,0,0,0,1,0,1
2,2,5,4,3,5,2,0,0,0,1,0,0,1
2,2,5,4,6,4,2,0,0,0,1,0,0,1
2,3,1,1,1,2,2,1,0,0,1,0,0,2
2,3,1,1,2,3,1,0,1,0,0,0,0,1
2,3,1,1,2,3,2,1,0,0,0,0,0,1
2,3,1,1,2,3,3,0,0,0,1,0,0,1
2,3,1,1,2,4,1,0,1,0,0,0,0,1
2,3,1,1,2,4,2,0,0,1,1,0,0,2
2,3,1,1,2,4,3,0,0,1,0,0,0,1
2,3,1,1,2,5,2,0,0,1,0,0,0,1
2,3,1,1,3,2,1,0,0,0,0,0,1,1
2,3,1,1,3,2,2,0,3,0,0,0,0,3
2,3,1,1,3,3,1,0,0,0,1,0,0,1
2,3,1,1,3,3,3,0,0,0,0,1,0,1
2,3,1,1,3,4,2,1,0,1,0,1,0,3
2,3,1,1,3,5,2,0,0,1,0,0,0,1
2,3,1,1,4,3,2,0,0,0,2,0,0,2
2,3,1,1,4,4,3,0,0,0,1,0,0,1
2,3,1,1,5,3,2,0,0,1,0,0,0,1
2,3,1,1,5,4,2,1,0,1,0,0,0,2
2,3,1,1,5,5,2,0,0,0,1,0,0,1
2,3,1,1,6,3,2,0,0,0,0,1,0,1
2,3,1,1,6,4,2,0,0,1,0,0,0,1
2,3,1,1,6,4,3,0,0,0,1,0,0,1
2,3,1,1,6,5,2,0,0,0,1,0,0,1
2,3,1,2,1,1,2,0,0,0,0,0,1,1
2,3,1,2,1,2,2,0,0,1,0,0,0,1
2,3,1,2,1,2,3,1,0,0,2,0,0,3
2,3,1,2,1,3,1,1,0,0,0,0,0,1
2,3,1,2,1,3,2,1,1,1,1,1,0,5
2,3,1,2,1,3,3,0,0,0,1,0,0,1
2,3,1,2,1,4,2,0,1,1,0,0,1,3
2,3,1,2,1,4,3,0,1,1,0,0,1,3
2,3,1,2,1,5,2,0,0,0,0,0,1,1
2,3,1,2,2,1,1,0,0,0,0,1,0,1
2,3,1,2,2,1,2,0,1,0,0,0,0,1
2,3,1,2,2,1,3,0,1,0,1,0,0,2
2,3,1,2,2,2,1,0,1,0,0,0,0,1
2,3,1,2,2,2,2,2,4,4,2,2,1,15
2,3,1,2,2,2,3,0,1,1,2,1,0,5
2,3,1,2,2,3,1,0,0,2,1,0,0,3
2,3,1,2,2,3,2,4,1,8,3,2,1,19
2,3,1,2,2,3,3,1,2,4,2,1,0,10
2,3,1,2,2,4,1,0,0,7,0,0,1,8
2,3,1,2,2,4,2,1,3,10,8,3,1,26
2,3,1,2,2,4,3,0,1,4,5,2,1,13
2,3,1,2,2,5,1,0,1,1,3,0,0,5
2,3,1,2,2,5,2,3,7,9,14,2,0,35
2,3,1,2,2,5,3,0,0,5,5,1,0,11
2,3,1,2,3,1,2,0,0,1,1,0,0,2
2,3,1,2,3,1,3,0,1,0,0,0,0,1
2,3,1,2,3,2,1,1,0,1,0,0,0,2
2,3,1,2,3,2,2,1,3,7,1,2,0,14
2,3,1,2,3,2,3,1,1,3,1,1,1,8
2,3,1,2,3,3,1,0,0,1,0,0,0,1
2,3,1,2,3,3,2,4,2,9,7,2,0,24
2,3,1,2,3,3,3,0,1,1,2,4,0,8
2,3,1,2,3,4,1,0,1,1,0,0,0,2
2,3,1,2,3,4,2,0,3,21,12,4,0,40
2,3,1,2,3,4,3,2,2,10,5,3,0,22
2,3,1,2,3,5,1,0,0,1,3,0,0,4
2,3,1,2,3,5,2,3,5,13,7,3,1,32
2,3,1,2,3,5,3,0,1,3,6,0,1,11
2,3,1,2,4,2,2,0,1,3,4,0,1,9
2,3,1,2,4,2,3,0,0,1,0,0,0,1
2,3,1,2,4,3,1,0,0,1,1,0,0,2
2,3,1,2,4,3,2,0,1,3,2,0,0,6
2,3,1,2,4,3,3,0,0,0,1,1,0,2
2,3,1,2,4,4,1,0,1,1,1,0,0,3
2,3,1,2,4,4,2,0,3,9,2,2,2,18
2,3,1,2,4,4,3,0,1,1,0,0,2,4
2,3,1,2,4,5,1,0,1,0,0,0,1,2
2,3,1,2,4,5,2,0,0,4,4,0,0,8
2,3,1,2,4,5,3,0,0,0,1,0,0,1
2,3,1,2,5,2,1,1,0,0,0,0,0,1
2,3,1,2,5,2,2,2,4,2,1,3,0,12
2,3,1,2,5,3,1,0,0,1,1,1,0,3
2,3,1,2,5,3,2,4,4,9,5,1,0,23
2,3,1,2,5,3,3,0,0,3,2,1,0,6
2,3,1,2,5,4,1,0,0,2,0,1,0,3
2,3,1,2,5,4,2,2,5,12,7,3,0,29
2,3,1,2,5,4,3,1,1,2,1,1,0,6
2,3,1,2,5,5,1,0,0,2,0,0,0,2
2,3,1,2,5,5,2,2,5,4,8,0,1,20
2,3,1,2,5,5,3,1,0,0,0,0,0,1
2,3,1,2,6,2,2,0,0,0,1,0,0,1
2,3,1,2,6,3,2,1,2,1,3,2,0,9
2,3,1,2,6,3,3,0,0,0,1,2,0,3
2,3,1,2,6,4,1,0,1,0,0,0,0,1
2,3,1,2,6,4,2,0,1,5,7,1,0,14
2,3,1,2,6,4,3,2,2,3,2,1,0,10
2,3,1,2,6,5,1,0,0,0,0,0,1,1
2,3,1,2,6,5,2,1,4,5,3,3,0,16
2,3,1,2,6,5,3,1,1,3,0,1,0,6
2,3,1,3,1,3,3,0,1,0,0,0,0,1
2,3,1,3,1,4,1,0,0,2,0,0,0,2
2,3,1,3,1,4,2,0,1,0,0,0,0,1
2,3,1,3,1,4,3,0,0,1,0,0,0,1
2,3,1,3,1,5,1,0,0,1,0,0,0,1
2,3,1,3,2,1,2,0,0,1,0,0,0,1
2,3,1,3,2,2,1,0,0,1,0,0,0,1
2,3,1,3,2,2,2,0,0,1,0,1,0,2
2,3,1,3,2,3,1,0,0,1,0,0,0,1
2,3,1,3,2,3,2,0,0,0,1,2,0,3
2,3,1,3,2,3,3,0,0,1,0,0,0,1
2,3,1,3,2,4,2,0,2,3,0,0,1,6
2,3,1,3,2,5,1,0,0,2,0,0,0,2
2,3,1,3,2,5,2,0,0,0,1,0,1,2
2,3,1,3,2,5,3,0,1,1,1,0,0,3
2,3,1,3,3,2,2,0,0,1,0,0,0,1
2,3,1,3,3,3,1,0,1,0,0,0,0,1
2,3,1,3,3,3,2,1,0,0,1,0,0,2
2,3,1,3,3,3,3,0,1,1,0,0,0,2
2,3,1,3,3,4,2,0,0,2,0,0,0,2
2,3,1,3,3,4,3,0,0,1,0,0,0,1
2,3,1,3,3,5,1,0,0,0,1,0,0,1
2,3,1,3,3,5,2,1,0,0,0,0,0,1
2,3,1,3,4,3,2,0,0,0,1,0,0,1
2,3,1,3,4,3,3,1,0,0,0,0,0,1
2,3,1,3,4,4,1,0,0,1,1,0,0,2
2,3,1,3,4,4,2,0,0,3,0,0,0,3
2,3,1,3,4,5,1,0,0,1,0,0,0,1
2,3,1,3,4,5,2,0,1,0,0,0,0,1
2,3,1,3,5,2,3,1,0,0,0,0,0,1
2,3,1,3,5,3,1,0,0,2,0,0,0,2
2,3,1,3,5,3,2,0,1,0,0,0,0,1
2,3,1,3,5,4,2,0,0,2,0,0,0,2
2,3,1,3,5,5,2,0,1,0,0,0,0,1
2,3,1,3,6,1,1,1,0,0,0,0,0,1
2,3,1,3,6,3,2,0,0,0,0,0,2,2
2,3,1,3,6,4,3,0,1,0,0,0,0,1
2,3,1,3,6,5,2,0,2,0,0,1,0,3
2,3,1,4,2,2,2,0,0,1,0,1,0,2
2,3,1,4,2,3,2,0,0,1,1,0,1,3
2,3,1,4,2,3,3,0,0,1,0,0,0,1
2,3,1,4,2,4,2,0,1,1,0,1,0,3
2,3,1,4,2,5,1,0,0,1,0,0,0,1
2,3,1,4,2,5,2,1,0,0,0,0,0,1
2,3,1,4,3,2,1,0,1,0,0,1,0,2
2,3,1,4,3,3,1,0,0,1,0,0,0,1
2,3,1,4,3,3,2,0,0,1,2,0,0,3
2,3,1,4,3,4,2,0,0,0,1,0,0,1
2,3,1,4,3,5,1,0,0,0,1,0,0,1
2,3,1,4,4,2,2,0,0,0,1,0,0,1
2,3,1,4,4,3,2,0,0,2,0,0,0,2
2,3,1,4,4,4,1,0,0,0,0,1,0,1
2,3,1,4,4,4,3,0,0,1,0,0,0,1
2,3,1,4,5,4,2,0,1,1,3,1,0,6
2,3,1,4,5,5,2,0,1,0,1,0,0,2
2,3,1,4,6,2,2,0,0,0,0,0,1,1
2,3,1,4,6,4,1,0,0,0,1,0,0,1
2,3,1,4,6,4,2,0,0,0,0,1,0,1
2,3,1,4,6,5,2,0,0,1,0,0,0,1
2,3,1,5,1,2,2,0,0,0,0,1,0,1
2,3,1,5,1,3,1,0,0,1,0,0,0,1
2,3,1,5,2,2,2,0,1,0,0,0,0,1
2,3,1,5,2,3,2,0,0,0,0,0,1,1
2,3,1,5,3,2,2,1,1,1,0,0,0,3
2,3,1,5,4,3,2,0,0,0,1,0,0,1
2,3,1,5,4,4,2,0,1,0,0,0,0,1
2,3,1,5,6,3,1,1,0,0,0,0,0,1
2,3,2,1,1,4,1,0,0,1,0,0,0,1
2,3,2,1,1,4,2,0,0,0,0,0,1,1
2,3,2,1,1,5,3,0,0,1,0,0,0,1
2,3,2,1,2,4,1,0,0,1,0,0,0,1
2,3,2,1,2,4,2,0,0,0,2,0,0,2
2,3,2,1,2,4,3,0,0,0,1,0,0,1
2,3,2,1,2,5,2,0,0,1,0,0,1,2
2,3,2,1,3,5,2,0,1,0,0,0,0,1
2,3,2,1,4,4,2,0,0,1,0,0,0,1
2,3,2,1,6,4,2,0,0,0,1,0,1,2
2,3,2,1,6,5,2,0,0,0,0,1,0,1
2,3,2,2,1,4,2,0,2,3,0,1,0,6
2,3,2,2,1,4,3,0,1,0,1,0,0,2
2,3,2,2,1,5,2,1,0,3,0,1,0,5
2,3,2,2,1,5,3,0,0,0,1,0,0,1
2,3,2,2,2,3,2,1,0,1,1,1,1,5
2,3,2,2,2,4,1,0,2,0,0,0,0,2
2,3,2,2,2,4,2,0,1,7,2,0,1,11
2,3,2,2,2,4,3,0,0,1,0,0,0,1
2,3,2,2,2,5,1,0,0,1,0,1,0,2
2,3,2,2,2,5,2,1,4,5,4,2,1,17
2,3,2,2,2,5,3,0,1,0,1,1,0,3
2,3,2,2,3,3,2,0,0,1,0,0,0,1
2,3,2,2,3,4,1,0,0,0,0,1,0,1
2,3,2,2,3,4,2,0,0,2,1,0,0,3
2,3,2,2,3,5,1,0,0,1,0,0,0,1
2,3,2,2,3,5,2,0,0,2,1,1,0,4
2,3,2,2,3,5,3,0,0,0,0,1,0,1
2,3,2,2,4,4,2,0,0,0,1,0,0,1
2,3,2,2,4,5,2,0,1,0,0,0,0,1
2,3,2,2,5,5,2,0,1,2,0,0,0,3
2,3,2,2,6,2,2,0,0,0,1,0,0,1
2,3,2,2,6,3,2,1,0,0,0,0,0,1
2,3,2,2,6,4,2,1,2,1,1,0,0,5
2,3,2,2,6,4,3,0,0,1,0,0,0,1
2,3,2,2,6,5,1,0,1,0,0,0,0,1
2,3,2,2,6,5,2,0,2,9,3,0,0,14
2,3,2,2,6,5,3,0,0,1,1,1,0,3
2,3,2,3,1,4,2,0,2,0,0,0,0,2
2,3,2,3,1,4,3,0,0,1,0,0,0,1
2,3,2,3,1,5,2,0,0,1,0,0,0,1
2,3,2,3,2,4,3,0,0,1,0,0,0,1
2,3,2,3,2,5,1,0,0,2,0,0,0,2
2,3,2,3,2,5,2,0,2,0,0,0,0,2
2,3,2,3,3,5,1,1,0,1,0,0,0,2
2,3,2,3,3,5,2,0,1,1,0,0,0,2
2,3,2,3,5,5,2,0,0,1,0,0,0,1
2,3,2,3,6,4,2,0,0,0,0,1,0,1
2,3,2,3,6,5,1,0,0,1,0,0,0,1
2,3,2,4,1,4,2,0,0,0,0,0,1,1
2,3,2,4,2,4,2,0,0,0,1,0,0,1
2,3,2,4,2,5,1,0,0,0,1,0,0,1
2,3,2,4,2,5,2,0,0,0,1,0,0,1
2,3,2,4,3,3,2,0,0,0,0,1,0,1
2,3,2,4,3,4,2,0,0,1,0,0,0,1
2,3,2,4,5,5,2,0,0,0,1,0,0,1
2,3,3,1,1,4,1,0,0,0,1,0,0,1
2,3,3,1,1,4,2,1,0,0,0,0,0,1
2,3,3,1,1,4,3,1,0,0,0,0,0,1
2,3,3,1,2,2,2,1,0,0,0,0,0,1
2,3,3,1,2,3,1,0,1,0,0,0,0,1
2,3,3,1,2,3,2,0,0,0,1,0,0,1
2,3,3,1,2,4,1,0,1,0,0,0,0,1
2,3,3,1,3,4,2,0,0,1,0,0,0,1
2,3,3,1,3,5,2,1,0,0,0,0,0,1
2,3,3,1,4,3,2,0,0,1,0,0,0,1
2,3,3,2,1,1,2,0,1,0,0,0,0,1
2,3,3,2,1,2,1,0,0,0,1,0,0,1
2,3,3,2,1,2,2,2,0,1,1,0,0,4
2,3,3,2,1,2,3,0,1,1,0,0,0,2
2,3,3,2,1,3,2,0,0,0,3,1,1,5
2,3,3,2,1,3,3,0,1,1,2,0,1,5
2,3,3,2,1,4,1,0,0,1,0,0,0,1
2,3,3,2,1,4,2,1,1,5,1,0,1,9
2,3,3,2,1,4,3,1,1,0,0,1,0,3
2,3,3,2,1,5,1,0,0,0,1,0,0,1
2,3,3,2,1,5,2,2,3,5,2,0,0,12
2,3,3,2,1,5,3,0,0,1,0,0,0,1
2,3,3,2,2,2,2,0,1,1,0,2,0,4
2,3,3,2,2,2,3,0,0,1,0,1,0,2
2,3,3,2,2,3,1,0,0,0,1,0,0,1
2,3,3,2,2,3,2,1,1,6,2,1,1,12
2,3,3,2,2,3,3,0,0,2,0,0,0,2
2,3,3,2,2,4,1,1,1,0,0,0,0,2
2,3,3,2,2,4,2,1,6,6,5,1,0,19
2,3,3,2,2,4,3,0,2,2,0,0,1,5
2,3,3,2,2,5,1,0,0,1,1,0,0,2
2,3,3,2,2,5,2,3,6,3,0,3,1,16
2,3,3,2,2,5,3,0,2,1,0,1,0,4
2,3,3,2,3,2,2,0,0,0,2,0,0,2
2,3,3,2,3,3,2,0,2,2,1,0,0,5
2,3,3,2,3,4,1,0,1,0,0,0,0,1
2,3,3,2,3,4,2,0,1,4,2,1,0,8
2,3,3,2,3,4,3,0,0,0,1,0,0,1
2,3,3,2,3,5,1,0,1,0,0,0,0,1
2,3,3,2,3,5,2,1,2,1,2,1,0,7
2,3,3,2,3,5,3,1,1,0,0,0,0,2
2,3,3,2,4,3,2,0,0,1,0,0,0,1
2,3,3,2,4,4,2,0,0,0,1,1,0,2
2,3,3,2,4,5,1,0,1,0,0,0,0,1
2,3,3,2,4,5,2,0,0,1,0,0,0,1
2,3,3,2,4,5,3,0,0,0,1,0,0,1
2,3,3,2,5,3,2,0,2,0,1,0,0,3
2,3,3,2,5,4,2,0,0,2,1,0,0,3
2,3,3,2,6,2,2,2,0,0,0,0,0,2
2,3,3,2,6,2,3,0,0,1,0,0,0,1
2,3,3,2,6,3,2,0,1,0,0,1,0,2
2,3,3,2,6,4,2,2,1,5,0,1,0,9
2,3,3,2,6,4,3,0,1,0,1,0,0,2
2,3,3,2,6,5,2,1,1,2,0,0,0,4
2,3,3,3,1,3,2,0,0,0,1,0,0,1
2,3,3,3,1,4,2,1,2,1,0,1,0,5
2,3,3,3,1,4,3,0,0,1,0,0,0,1
2,3,3,3,1,5,1,0,1,0,0,0,0,1
2,3,3,3,1,5,2,0,0,2,0,0,0,2
2,3,3,3,2,2,1,1,0,0,0,0,0,1
2,3,3,3,2,3,2,0,2,0,0,0,1,3
2,3,3,3,2,4,2,0,0,4,1,0,1,6
2,3,3,3,2,4,3,0,1,0,0,0,0,1
2,3,3,3,2,5,1,0,1,0,0,0,0,1
2,3,3,3,2,5,2,1,1,4,1,1,0,8
2,3,3,3,3,4,1,0,0,1,0,0,0,1
2,3,3,3,3,4,2,0,0,1,3,0,0,4
2,3,3,3,3,4,3,0,0,1,0,0,0,1
2,3,3,3,3,5,2,0,3,1,0,0,0,4
2,3,3,3,4,3,2,1,0,0,0,0,0,1
2,3,3,3,5,3,2,0,0,0,0,0,1,1
2,3,3,3,5,4,2,0,0,1,0,0,0,1
2,3,3,3,5,5,2,0,0,1,0,0,0,1
2,3,3,3,6,4,2,0,0,1,1,0,0,2
2,3,3,3,6,5,2,0,0,0,2,0,0,2
2,3,3,4,1,2,1,0,0,0,0,0,1,1
2,3,3,4,1,4,2,0,1,1,0,0,0,2
2,3,3,4,1,5,2,0,1,0,0,0,0,1
2,3,3,4,2,2,2,0,1,0,1,0,0,2
2,3,3,4,2,4,1,0,1,0,0,0,0,1
2,3,3,4,2,4,2,0,0,1,1,0,0,2
2,3,3,4,3,4,1,1,0,0,0,0,0,1
2,3,3,4,3,5,2,0,1,0,0,0,0,1
2,3,3,4,4,3,1,0,0,1,0,0,0,1
2,3,3,5,3,4,2,0,0,1,0,0,0,1
2,3,4,1,5,3,2,0,0,1,0,0,0,1
2,3,4,2,1,2,2,0,0,0,1,0,0,1
2,3,4,2,1,3,2,1,0,2,0,0,0,3
2,3,4,2,1,4,3,0,0,0,1,0,0,1
2,3,4,2,1,5,1,0,0,0,0,1,0,1
2,3,4,2,1,5,2,1,0,0,0,0,0,1
2,3,4,2,2,3,2,0,0,2,0,0,0,2
2,3,4,2,2,4,2,0,0,3,0,0,0,3
2,3,4,2,2,5,3,0,0,1,0,0,0,1
2,3,4,2,3,2,2,1,0,0,0,0,0,1
2,3,4,2,3,5,2,0,1,0,0,0,0,1
2,3,4,2,4,2,2,0,0,0,1,0,0,1
2,3,4,2,6,2,3,1,0,0,0,0,0,1
2,3,4,2,6,3,2,0,0,1,0,0,0,1
2,3,4,3,1,4,2,0,0,0,0,1,0,1
2,3,4,3,2,3,3,0,0,0,1,0,0,1
2,3,4,3,3,4,2,0,0,0,1,0,0,1
2,3,4,4,1,4,1,0,0,1,0,0,0,1
2,3,4,4,2,3,2,0,0,1,0,0,0,1
2,3,4,4,3,4,1,0,0,1,0,0,0,1
2,3,4,4,6,4,2,0,0,1,0,0,0,1
2,3,5,1,1,4,1,0,0,1,0,0,0,1
2,3,5,1,1,4,2,2,0,0,0,0,0,2
2,3,5,1,2,2,1,1,0,0,0,0,0,1
2,3,5,1,2,2,3,0,0,1,0,0,0,1
2,3,5,1,2,3,2,0,1,0,0,0,0,1
2,3,5,1,2,5,2,0,1,0,0,0,0,1
2,3,5,1,3,1,2,1,0,0,0,0,0,1
2,3,5,1,3,3,1,0,0,1,0,0,0,1
2,3,5,1,5,4,2,0,0,1,0,0,0,1
2,3,5,1,6,5,2,0,0,0,1,0,0,1
2,3,5,2,1,1,1,1,0,0,0,0,0,1
2,3,5,2,1,1,2,1,0,1,0,0,0,2
2,3,5,2,1,2,2,1,1,1,0,0,0,3
2,3,5,2,1,2,3,2,0,1,0,0,0,3
2,3,5,2,1,3,2,4,0,3,1,0,0,8
2,3,5,2,1,3,3,0,1,1,0,0,0,2
2,3,5,2,1,4,2,1,0,2,1,0,0,4
2,3,5,2,1,4,3,0,0,2,0,0,0,2
2,3,5,2,1,5,2,0,0,2,0,0,0,2
2,3,5,2,2,1,2,0,0,0,0,1,0,1
2,3,5,2,2,1,3,0,1,0,0,0,0,1
2,3,5,2,2,2,1,0,1,1,0,0,0,2
2,3,5,2,2,2,2,1,3,3,3,1,0,11
2,3,5,2,2,2,3,1,0,2,0,0,0,3
2,3,5,2,2,3,1,0,1,1,0,0,0,2
2,3,5,2,2,3,2,1,2,5,1,1,0,10
2,3,5,2,2,4,1,0,1,3,1,0,0,5
2,3,5,2,2,4,2,0,1,4,1,0,0,6
2,3,5,2,2,4,3,0,2,0,1,0,1,4
2,3,5,2,2,5,1,0,1,0,0,1,0,2
2,3,5,2,2,5,2,1,1,5,1,1,0,9
2,3,5,2,2,5,3,0,0,1,0,0,0,1
2,3,5,2,3,2,1,0,1,0,0,0,0,1
2,3,5,2,3,2,2,0,1,3,2,0,0,6
2,3,5,2,3,3,1,0,0,0,0,1,1,2
2,3,5,2,3,3,2,0,1,2,1,1,0,5
2,3,5,2,3,3,3,1,1,0,0,1,0,3
2,3,5,2,3,4,2,2,0,2,1,0,0,5
2,3,5,2,3,5,1,0,1,0,0,0,0,1
2,3,5,2,3,5,2,0,0,2,1,0,0,3
2,3,5,2,4,1,3,0,0,0,1,0,0,1
2,3,5,2,4,2,2,0,0,0,0,1,0,1
2,3,5,2,4,3,2,0,0,1,0,0,1,2
2,3,5,2,4,4,1,0,0,0,0,1,0,1
2,3,5,2,4,4,2,0,1,0,1,0,0,2
2,3,5,2,4,4,3,0,0,0,1,0,0,1
2,3,5,2,5,1,1,0,0,0,0,0,1,1
2,3,5,2,5,2,3,1,0,0,0,0,0,1
2,3,5,2,5,3,1,0,0,1,0,0,0,1
2,3,5,2,5,3,2,0,0,2,0,0,0,2
2,3,5,2,5,4,2,1,0,1,0,0,0,2
2,3,5,2,6,1,1,0,1,0,0,0,0,1
2,3,5,2,6,1,2,0,2,0,0,1,1,4
2,3,5,2,6,1,3,0,1,0,0,0,0,1
2,3,5,2,6,2,2,1,0,0,0,1,0,2
2,3,5,2,6,2,3,0,1,0,0,0,0,1
2,3,5,2,6,3,1,0,0,0,1,0,0,1
2,3,5,2,6,3,2,2,0,0,1,0,1,4
2,3,5,2,6,4,2,0,0,1,1,0,1,3
2,3,5,2,6,5,3,0,0,1,0,0,0,1
2,3,5,3,1,1,3,0,0,1,0,0,0,1
2,3,5,3,1,2,1,1,0,0,0,0,0,1
2,3,5,3,1,2,2,0,0,1,0,0,0,1
2,3,5,3,1,3,1,0,0,0,0,0,1,1
2,3,5,3,1,3,2,0,1,1,0,0,0,2
2,3,5,3,1,4,2,0,2,1,0,0,0,3
2,3,5,3,1,5,1,0,0,1,0,0,0,1
2,3,5,3,1,5,2,0,1,0,0,0,1,2
2,3,5,3,2,1,3,0,1,0,0,0,0,1
2,3,5,3,2,2,1,0,1,1,0,0,0,2
2,3,5,3,2,2,2,1,0,2,2,0,2,7
2,3,5,3,2,3,2,0,1,2,1,0,0,4
2,3,5,3,2,4,1,0,0,1,0,0,0,1
2,3,5,3,2,4,2,1,0,2,0,0,0,3
2,3,5,3,2,5,1,0,1,0,0,0,0,1
2,3,5,3,2,5,2,0,0,1,1,0,0,2
2,3,5,3,3,1,2,0,1,0,0,0,0,1
2,3,5,3,3,2,2,1,1,0,0,0,0,2
2,3,5,3,3,3,2,0,1,1,0,0,0,2
2,3,5,3,3,4,2,0,0,1,0,0,0,1
2,3,5,3,3,4,3,0,0,0,0,0,1,1
2,3,5,3,3,5,2,0,2,0,0,0,0,2
2,3,5,3,4,1,1,0,0,1,0,0,0,1
2,3,5,3,4,4,1,0,1,0,0,0,0,1
2,3,5,3,5,2,2,0,0,0,1,0,0,1
2,3,5,3,5,3,2,0,0,0,1,0,0,1
2,3,5,3,6,2,1,0,0,0,0,0,1,1
2,3,5,3,6,2,2,0,0,0,0,0,1,1
2,3,5,3,6,3,2,0,1,1,1,0,0,3
2,3,5,3,6,4,2,0,1,0,0,0,0,1
2,3,5,3,6,5,1,0,0,0,0,0,1,1
2,3,5,3,6,5,2,0,1,1,0,0,0,2
2,3,5,4,1,1,2,1,0,0,0,0,0,1
2,3,5,4,1,3,2,0,0,1,0,0,0,1
2,3,5,4,1,4,2,0,0,0,1,1,0,2
2,3,5,4,2,1,2,0,0,0,0,0,1,1
2,3,5,4,2,2,2,1,0,0,0,0,0,1
2,3,5,4,2,3,3,0,1,0,0,0,0,1
2,3,5,4,2,4,1,0,0,1,1,0,0,2
2,3,5,4,2,4,2,0,0,0,0,0,1,1
2,3,5,4,3,4,2,0,0,1,0,0,0,1
2,3,5,4,5,4,2,0,0,0,2,0,0,2
2,3,5,4,6,1,2,0,0,1,0,0,0,1
2,3,5,4,6,2,1,0,1,0,0,0,0,1
2,3,5,4,6,3,1,0,0,0,0,0,1,1
2,3,5,5,1,1,2,0,0,0,1,0,0,1
2,3,5,5,1,3,2,0,0,1,0,0,0,1
2,3,5,5,6,1,2,1,0,0,0,0,0,1
2,4,1,1,1,2,2,0,0,0,0,0,1,1
2,4,1,1,2,2,2,1,0,0,0,0,0,1
2,4,1,1,2,3,2,0,0,1,0,0,0,1
2,4,1,1,2,4,2,0,1,0,0,0,0,1
2,4,1,1,3,2,1,1,0,0,0,0,0,1
2,4,1,1,3,2,2,0,0,2,0,0,0,2
2,4,1,1,3,2,3,0,0,1,0,0,0,1
2,4,1,1,3,4,2,0,0,2,1,0,0,3
2,4,1,1,3,5,2,1,0,0,1,0,0,2
2,4,1,1,4,2,2,0,1,2,1,0,0,4
2,4,1,1,4,3,2,0,0,1,2,0,0,3
2,4,1,1,4,3,3,0,1,0,0,0,0,1
2,4,1,1,4,5,2,0,0,1,1,0,0,2
2,4,1,1,5,3,2,1,0,2,1,0,0,4
2,4,1,1,5,4,1,0,0,1,0,0,0,1
2,4,1,1,5,4,2,0,0,1,1,1,0,3
2,4,1,1,5,4,3,1,0,1,0,0,0,2
2,4,1,1,5,5,2,2,1,1,1,0,0,5
2,4,1,1,6,1,2,0,1,0,0,0,0,1
2,4,1,1,6,2,2,0,0,2,0,1,0,3
2,4,1,1,6,3,2,0,0,1,0,0,0,1
2,4,1,1,6,4,1,0,0,1,0,0,0,1
2,4,1,1,6,4,2,0,0,1,1,0,0,2
2,4,1,1,6,4,3,0,1,0,0,0,0,1
2,4,1,2,1,2,1,0,0,0,0,0,1,1
2,4,1,2,1,3,2,1,0,0,0,0,0,1
2,4,1,2,1,4,2,0,0,2,0,0,0,2
2,4,1,2,1,4,3,0,0,0,0,1,1,2
2,4,1,2,1,5,2,0,0,1,0,0,0,1
2,4,1,2,2,1,2,0,1,0,0,0,0,1
2,4,1,2,2,1,3,0,0,0,0,1,0,1
2,4,1,2,2,2,2,2,2,0,3,0,0,7
2,4,1,2,2,2,3,0,0,0,0,1,0,1
2,4,1,2,2,3,1,1,0,1,0,0,0,2
2,4,1,2,2,3,2,0,2,2,1,1,2,8
2,4,1,2,2,3,3,1,0,0,1,0,0,2
2,4,1,2,2,4,1,0,0,1,0,0,0,1
2,4,1,2,2,4,2,0,1,3,4,5,0,13
2,4,1,2,2,4,3,0,2,5,2,1,0,10
2,4,1,2,2,5,1,1,0,0,0,0,0,1
2,4,1,2,2,5,2,4,5,2,2,1,0,14
2,4,1,2,2,5,3,1,0,1,1,1,0,4
2,4,1,2,3,1,1,1,0,1,0,0,0,2
2,4,1,2,3,1,2,1,2,1,2,0,0,6
2,4,1,2,3,1,3,0,1,0,0,0,0,1
2,4,1,2,3,2,1,1,1,3,1,0,0,6
2,4,1,2,3,2,2,5,5,9,5,6,0,30
2,4,1,2,3,2,3,0,1,1,0,0,0,2
2,4,1,2,3,3,1,0,2,0,1,0,0,3
2,4,1,2,3,3,2,3,5,9,5,4,1,27
2,4,1,2,3,3,3,0,1,1,1,1,0,4
2,4,1,2,3,4,1,0,1,1,1,0,0,3
2,4,1,2,3,4,2,2,7,7,8,2,0,26
2,4,1,2,3,4,3,0,1,4,0,0,0,5
2,4,1,2,3,5,1,0,1,2,0,0,0,3
2,4,1,2,3,5,2,1,2,5,9,1,0,18
2,4,1,2,3,5,3,0,1,4,3,0,0,8
2,4,1,2,4,1,2,0,0,1,0,0,0,1
2,4,1,2,4,2,1,0,1,1,1,0,0,3
2,4,1,2,4,2,2,6,7,3,4,2,0,22
2,4,1,2,4,2,3,1,1,3,2,0,0,7
2,4,1,2,4,3,1,1,0,0,1,0,0,2
2,4,1,2,4,3,2,4,3,5,3,1,0,16
2,4,1,2,4,3,3,0,1,1,3,0,0,5
2,4,1,2,4,4,1,0,0,1,0,0,0,1
2,4,1,2,4,4,2,0,5,5,4,2,0,16
2,4,1,2,4,4,3,0,3,1,0,0,0,4
2,4,1,2,4,5,1,0,1,0,0,0,0,1
2,4,1,2,4,5,2,0,3,3,6,0,0,12
2,4,1,2,4,5,3,1,0,1,0,1,0,3
2,4,1,2,5,1,1,0,0,0,0,1,0,1
2,4,1,2,5,1,2,0,0,0,0,1,0,1
2,4,1,2,5,2,1,1,1,3,0,1,0,6
2,4,1,2,5,2,2,12,10,13,3,4,2,44
2,4,1,2,5,2,3,0,1,3,0,0,0,4
2,4,1,2,5,3,1,1,4,5,2,1,0,13
2,4,1,2,5,3,2,12,13,24,8,5,0,62
2,4,1,2,5,3,3,2,4,4,1,1,0,12
2,4,1,2,5,4,1,0,3,8,4,0,0,15
2,4,1,2,5,4,2,10,19,37,16,4,1,87
2,4,1,2,5,4,3,3,2,8,4,0,0,17
2,4,1,2,5,5,1,0,2,1,1,0,0,4
2,4,1,2,5,5,2,7,12,12,13,0,0,44
2,4,1,2,5,5,3,2,1,5,1,0,0,9
2,4,1,2,6,1,1,0,0,1,0,0,0,1
2,4,1,2,6,1,2,0,0,1,0,0,1,2
2,4,1,2,6,2,1,0,1,0,1,0,0,2
2,4,1,2,6,2,2,2,0,0,3,1,0,6
2,4,1,2,6,2,3,0,0,0,0,1,0,1
2,4,1,2,6,3,1,0,0,1,0,0,0,1
2,4,1,2,6,3,2,2,5,5,4,5,0,21
2,4,1,2,6,3,3,0,4,1,0,1,0,6
2,4,1,2,6,4,1,0,4,1,0,0,0,5
2,4,1,2,6,4,2,5,5,13,8,4,0,35
2,4,1,2,6,4,3,0,0,0,2,0,0,2
2,4,1,2,6,5,1,0,1,0,0,0,0,1
2,4,1,2,6,5,2,2,1,8,4,6,1,22
2,4,1,2,6,5,3,0,0,1,2,0,0,3
2,4,1,3,2,1,1,0,0,0,0,0,1,1
2,4,1,3,2,2,1,1,0,0,0,0,0,1
2,4,1,3,2,2,2,1,0,1,1,0,0,3
2,4,1,3,2,2,3,0,0,0,0,0,1,1
2,4,1,3,2,3,3,0,0,1,0,0,0,1
2,4,1,3,2,5,2,0,0,2,0,0,0,2
2,4,1,3,3,2,2,0,0,2,1,0,0,3
2,4,1,3,3,3,1,0,0,1,0,0,0,1
2,4,1,3,3,3,2,0,0,1,0,0,0,1
2,4,1,3,3,4,1,0,0,1,1,0,0,2
2,4,1,3,3,4,2,0,0,1,0,0,1,2
2,4,1,3,3,5,2,0,0,1,0,0,0,1
2,4,1,3,4,2,2,1,0,0,0,0,0,1
2,4,1,3,4,2,3,0,1,0,0,0,0,1
2,4,1,3,4,3,1,0,0,1,0,0,0,1
2,4,1,3,4,3,2,0,0,1,0,0,1,2
2,4,1,3,4,4,2,0,0,1,0,1,0,2
2,4,1,3,5,2,1,0,0,1,0,0,0,1
2,4,1,3,5,2,2,0,1,1,0,0,0,2
2,4,1,3,5,3,1,0,0,2,0,0,0,2
2,4,1,3,5,3,2,2,3,2,0,0,0,7
2,4,1,3,5,4,1,0,0,1,0,0,0,1
2,4,1,3,5,4,2,0,0,2,0,0,0,2
2,4,1,3,5,4,3,0,0,1,0,0,0,1
2,4,1,3,5,5,2,0,1,0,0,0,0,1
2,4,1,3,5,5,3,1,0,0,0,0,0,1
2,4,1,3,6,3,1,0,0,1,0,0,0,1
2,4,1,3,6,4,2,0,0,1,0,0,0,1
2,4,1,3,6,5,2,0,0,2,0,0,0,2
2,4,1,4,1,3,1,0,0,1,0,0,0,1
2,4,1,4,2,3,1,0,0,1,0,0,0,1
2,4,1,4,2,3,2,0,0,0,1,0,0,1
2,4,1,4,2,5,2,0,0,1,0,0,0,1
2,4,1,4,3,1,2,0,0,1,0,0,0,1
2,4,1,4,3,2,1,0,0,0,1,0,0,1
2,4,1,4,3,2,2,0,1,0,0,0,0,1
2,4,1,4,3,3,2,0,0,2,1,0,0,3
2,4,1,4,3,4,1,0,1,0,0,0,0,1
2,4,1,4,3,5,2,0,0,1,0,0,0,1
2,4,1,4,4,2,2,0,1,0,0,1,0,2
2,4,1,4,5,2,2,1,1,3,0,0,0,5
2,4,1,4,5,3,1,0,0,0,0,1,0,1
2,4,1,4,5,3,2,1,0,4,0,0,0,5
2,4,1,4,5,4,2,1,1,2,0,0,0,4
2,4,1,4,5,5,2,0,1,0,0,0,0,1
2,4,1,4,5,5,3,0,0,1,0,0,0,1
2,4,1,4,6,3,2,0,0,0,1,1,0,2
2,4,1,4,6,4,1,0,0,1,1,0,0,2
2,4,1,4,6,4,2,0,0,2,0,0,0,2
2,4,1,4,6,5,2,0,0,1,0,0,0,1
2,4,1,5,1,2,2,0,0,1,0,0,0,1
2,4,1,5,2,2,2,0,1,1,0,0,0,2
2,4,1,5,2,3,2,0,1,0,0,2,0,3
2,4,1,5,3,2,1,0,0,0,1,0,0,1
2,4,1,5,3,2,3,0,1,0,0,0,0,1
2,4,1,5,3,3,2,0,0,1,0,0,0,1
2,4,1,5,3,4,2,0,0,0,0,1,0,1
2,4,1,5,3,5,1,0,0,1,0,0,0,1
2,4,1,5,4,2,2,0,0,1,0,0,0,1
2,4,1,5,4,2,3,0,1,0,0,0,0,1
2,4,1,5,4,4,2,0,0,2,0,1,0,3
2,4,1,5,5,3,2,0,1,0,1,0,0,2
2,4,1,5,5,4,1,0,1,0,0,0,0,1
2,4,1,5,5,4,2,0,0,2,0,1,0,3
2,4,1,5,6,3,2,0,0,1,0,1,0,2
2,4,2,1,1,5,2,0,0,0,1,0,0,1
2,4,2,1,2,4,2,0,0,1,0,0,1,2
2,4,2,1,2,5,2,0,0,1,0,0,0,1
2,4,2,1,3,4,2,0,0,1,0,0,0,1
2,4,2,1,6,2,2,0,0,1,0,0,0,1
2,4,2,1,6,5,2,0,1,0,0,0,0,1
2,4,2,2,1,4,1,0,0,1,0,1,0,2
2,4,2,2,1,4,2,1,0,1,0,0,0,2
2,4,2,2,2,3,1,0,0,0,0,1,0,1
2,4,2,2,2,3,2,0,1,0,1,0,0,2
2,4,2,2,2,4,2,0,0,1,0,0,0,1
2,4,2,2,2,5,1,0,0,0,1,0,0,1
2,4,2,2,2,5,2,0,7,2,0,0,0,9
2,4,2,2,2,5,3,1,0,1,0,0,0,2
2,4,2,2,3,4,2,1,0,2,1,0,0,4
2,4,2,2,3,4,3,0,1,2,0,0,0,3
2,4,2,2,3,5,2,0,0,4,1,0,0,5
2,4,2,2,3,5,3,0,0,1,0,0,0,1
2,4,2,2,4,4,1,0,0,1,0,0,0,1
2,4,2,2,4,4,3,0,0,1,0,0,0,1
2,4,2,2,4,5,2,1,1,3,0,0,0,5
2,4,2,2,4,5,3,0,0,2,0,0,0,2
2,4,2,2,5,4,1,0,0,0,1,0,0,1
2,4,2,2,5,4,2,1,0,2,0,0,0,3
2,4,2,2,5,5,2,0,0,1,1,0,0,2
2,4,2,2,5,5,3,0,1,0,0,0,0,1
2,4,2,2,6,5,1,1,0,0,0,0,0,1
2,4,2,2,6,5,2,0,2,3,1,0,0,6
2,4,2,3,1,3,3,0,0,1,0,0,0,1
2,4,2,3,2,4,2,0,0,0,1,0,0,1
2,4,2,3,2,5,1,0,0,1,0,0,0,1
2,4,2,3,2,5,2,0,0,2,1,0,0,3
2,4,2,3,3,3,1,0,0,0,1,0,0,1
2,4,2,3,3,4,2,0,0,1,0,0,0,1
2,4,2,3,3,5,2,0,0,1,0,0,0,1
2,4,2,3,5,2,2,0,0,1,0,0,0,1
2,4,2,3,5,4,1,1,0,0,0,0,0,1
2,4,2,3,5,5,2,0,1,0,0,0,0,1
2,4,2,3,6,5,2,0,2,0,0,0,0,2
2,4,2,4,2,2,2,0,0,0,1,0,0,1
2,4,2,4,5,3,1,1,0,0,0,0,0,1
2,4,2,4,6,5,1,0,0,1,0,0,0,1
2,4,2,4,6,5,2,0,0,0,1,0,0,1
2,4,3,1,2,4,2,0,0,0,0,1,0,1
2,4,3,1,2,5,2,0,0,0,0,1,0,1
2,4,3,1,5,2,3,0,0,1,0,0,0,1
2,4,3,1,6,3,2,0,0,0,0,0,1,1
2,4,3,2,1,3,1,0,1,0,0,0,0,1
2,4,3,2,1,3,2,0,1,1,0,0,0,2
2,4,3,2,1,4,1,0,0,0,0,1,0,1
2,4,3,2,1,4,2,0,0,0,0,1,0,1
2,4,3,2,1,4,3,0,0,0,1,0,0,1
2,4,3,2,1,5,2,1,0,0,1,0,0,2
2,4,3,2,1,5,3,0,2,1,0,0,0,3
2,4,3,2,2,2,2,2,2,2,0,0,0,6
2,4,3,2,2,3,2,0,0,3,1,1,0,5
2,4,3,2,2,4,1,0,0,1,0,0,0,1
2,4,3,2,2,4,2,0,1,6,1,0,0,8
2,4,3,2,2,4,3,0,1,0,0,0,0,1
2,4,3,2,2,5,1,0,0,0,1,1,0,2
2,4,3,2,2,5,2,1,3,1,2,1,0,8
2,4,3,2,2,5,3,0,1,0,0,0,0,1
2,4,3,2,3,2,1,0,1,0,0,0,0,1
2,4,3,2,3,2,2,0,1,1,1,0,0,3
2,4,3,2,3,3,1,0,0,1,0,0,0,1
2,4,3,2,3,3,2,1,2,2,1,1,0,7
2,4,3,2,3,3,3,0,2,1,0,0,0,3
2,4,3,2,3,4,2,2,2,2,3,0,0,9
2,4,3,2,3,4,3,1,0,0,0,0,0,1
2,4,3,2,3,5,1,1,0,0,0,0,0,1
2,4,3,2,3,5,2,1,2,4,1,1,0,9
2,4,3,2,3,5,3,0,0,1,1,1,0,3
2,4,3,2,4,2,2,0,0,0,1,0,0,1
2,4,3,2,4,4,1,0,0,1,0,0,0,1
2,4,3,2,4,4,3,0,0,0,0,1,0,1
2,4,3,2,4,5,2,1,0,0,1,0,0,2
2,4,3,2,5,2,2,0,0,1,0,0,0,1
2,4,3,2,5,3,1,0,0,1,0,0,0,1
2,4,3,2,5,3,2,1,1,2,0,2,0,6
2,4,3,2,5,4,2,0,1,2,4,0,0,7
2,4,3,2,5,4,3,0,1,0,0,0,0,1
2,4,3,2,5,5,1,0,0,0,1,0,0,1
2,4,3,2,5,5,2,0,0,1,0,0,0,1
2,4,3,2,6,2,1,0,0,1,0,0,0,1
2,4,3,2,6,3,2,0,0,1,0,0,0,1
2,4,3,2,6,4,2,1,0,2,1,1,0,5
2,4,3,2,6,5,1,1,0,0,0,0,0,1
2,4,3,2,6,5,2,0,0,1,4,0,1,6
2,4,3,2,6,5,3,0,0,2,0,0,0,2
2,4,3,3,1,2,2,0,0,1,0,0,0,1
2,4,3,3,1,4,2,0,0,1,0,0,0,1
2,4,3,3,1,5,2,0,0,1,1,0,0,2
2,4,3,3,2,3,3,0,0,1,0,0,0,1
2,4,3,3,2,4,1,0,2,0,0,0,0,2
2,4,3,3,2,4,2,0,1,0,0,0,0,1
2,4,3,3,2,4,3,0,0,0,1,0,0,1
2,4,3,3,2,5,2,0,1,1,0,0,1,3
2,4,3,3,3,2,2,0,0,1,0,0,0,1
2,4,3,3,3,2,3,0,0,1,0,0,0,1
2,4,3,3,3,3,1,0,0,1,0,0,0,1
2,4,3,3,3,5,1,0,1,0,0,0,0,1
2,4,3,3,4,3,2,0,0,1,0,0,0,1
2,4,3,3,4,4,2,0,1,0,0,0,0,1
2,4,3,3,5,3,2,0,1,0,0,0,0,1
2,4,3,3,5,4,1,0,1,0,0,0,0,1
2,4,3,3,6,3,2,0,1,0,0,0,0,1
2,4,3,3,6,4,3,0,0,1,0,0,0,1
2,4,3,3,6,5,2,0,0,1,0,0,0,1
2,4,3,4,1,4,2,0,0,0,0,1,0,1
2,4,3,4,2,5,1,0,1,0,0,0,0,1
2,4,3,4,3,4,1,0,0,1,0,0,0,1
2,4,3,4,3,5,2,0,1,0,0,0,0,1
2,4,3,4,4,3,2,1,0,0,0,0,0,1
2,4,3,4,4,4,3,0,0,0,0,1,0,1
2,4,3,4,5,3,2,0,0,1,0,0,0,1
2,4,3,4,5,4,2,0,0,1,0,0,0,1
2,4,3,4,5,5,2,0,0,0,1,0,0,1
2,4,3,4,6,5,1,0,0,0,1,0,0,1
2,4,3,4,6,5,3,1,0,0,0,0,0,1
2,4,3,5,1,2,2,0,0,0,0,1,0,1
2,4,3,5,2,3,2,1,0,0,0,0,0,1
2,4,3,5,2,4,2,0,0,1,0,0,0,1
2,4,4,1,2,3,2,0,0,0,0,1,0,1
2,4,4,1,3,2,2,0,0,1,0,0,0,1
2,4,4,1,6,5,2,0,0,1,0,0,0,1
2,4,4,2,2,3,2,1,0,0,0,0,0,1
2,4,4,2,2,4,2,0,0,1,0,0,0,1
2,4,4,2,3,5,2,0,0,0,1,0,0,1
2,4,4,2,4,2,1,0,0,1,0,0,0,1
2,4,4,2,4,5,2,0,0,1,0,0,0,1
2,4,4,2,5,5,2,0,0,0,0,1,0,1
2,4,4,3,2,3,2,1,0,0,0,0,0,1
2,4,4,3,3,2,2,1,1,0,0,0,0,2
2,4,4,4,3,4,2,0,0,1,0,0,0,1
2,4,5,1,1,2,2,1,0,0,0,0,0,1
2,4,5,1,1,3,2,0,0,0,0,1,0,1
2,4,5,1,2,1,2,0,3,0,0,0,0,3
2,4,5,1,2,2,2,1,0,0,0,0,0,1
2,4,5,1,3,1,2,0,1,0,0,0,0,1
2,4,5,1,3,3,2,0,0,0,1,0,0,1
2,4,5,1,4,2,2,0,0,1,0,0,0,1
2,4,5,1,4,3,2,0,0,0,0,1,0,1
2,4,5,1,4,4,1,0,0,1,0,0,0,1
2,4,5,1,5,1,2,1,0,0,0,0,0,1
2,4,5,1,5,3,1,1,0,0,0,0,0,1
2,4,5,1,5,3,2,0,0,2,0,1,0,3
2,4,5,1,5,4,1,0,0,1,0,0,0,1
2,4,5,1,5,5,2,0,0,1,0,0,0,1
2,4,5,1,6,1,2,0,0,0,1,0,0,1
2,4,5,1,6,2,2,1,0,0,1,0,0,2
2,4,5,1,6,2,3,1,0,0,0,0,0,1
2,4,5,1,6,3,2,0,0,3,0,0,0,3
2,4,5,1,6,5,1,0,1,0,0,0,0,1
2,4,5,1,6,5,2,0,0,0,1,0,0,1
2,4,5,1,6,5,3,0,0,1,0,0,0,1
2,4,5,2,1,1,1,0,0,0,1,0,0,1
2,4,5,2,1,1,2,2,0,0,0,0,1,3
2,4,5,2,1,2,1,0,0,1,0,0,0,1
2,4,5,2,1,2,2,1,2,0,0,0,0,3
2,4,5,2,1,3,2,0,0,0,1,1,0,2
2,4,5,2,1,4,1,0,0,0,1,0,0,1
2,4,5,2,1,4,2,1,1,3,1,0,0,6
2,4,5,2,1,5,2,0,0,0,1,0,0,1
2,4,5,2,2,1,1,2,1,1,0,0,0,4
2,4,5,2,2,1,2,7,0,1,3,0,0,11
2,4,5,2,2,1,3,1,1,0,0,0,0,2
2,4,5,2,2,2,1,0,1,0,0,0,0,1
2,4,5,2,2,2,2,9,5,2,3,0,0,19
2,4,5,2,2,2,3,0,0,1,1,0,0,2
2,4,5,2,2,3,1,1,0,0,0,0,0,1
2,4,5,2,2,3,2,3,2,2,2,0,0,9
2,4,5,2,2,3,3,1,0,1,1,0,0,3
2,4,5,2,2,4,1,1,0,1,1,0,0,3
2,4,5,2,2,4,2,2,3,9,2,0,0,16
2,4,5,2,2,4,3,0,1,0,0,0,0,1
2,4,5,2,2,5,1,1,1,0,0,0,0,2
2,4,5,2,2,5,2,2,1,3,2,0,0,8
2,4,5,2,2,5,3,0,1,0,0,0,0,1
2,4,5,2,3,1,2,1,5,2,1,1,0,10
2,4,5,2,3,2,1,0,1,1,0,0,0,2
2,4,5,2,3,2,2,5,5,4,2,0,1,17
2,4,5,2,3,2,3,1,0,2,0,0,0,3
2,4,5,2,3,3,1,1,0,0,0,0,0,1
2,4,5,2,3,3,2,3,4,3,3,1,1,15
2,4,5,2,3,3,3,0,0,1,0,0,0,1
2,4,5,2,3,4,1,0,1,1,1,0,0,3
2,4,5,2,3,4,2,1,1,3,2,1,0,8
2,4,5,2,3,4,3,0,0,0,1,0,0,1
2,4,5,2,3,5,2,0,1,0,0,0,0,1
2,4,5,2,3,5,3,0,0,0,2,0,0,2
2,4,5,2,4,2,2,1,2,3,0,1,0,7
2,4,5,2,4,2,3,1,0,1,0,0,0,2
2,4,5,2,4,3,2,1,1,0,0,0,0,2
2,4,5,2,4,4,2,1,1,0,1,0,0,3
2,4,5,2,4,4,3,0,0,1,0,0,0,1
2,4,5,2,4,5,2,0,1,0,0,0,0,1
2,4,5,2,5,1,1,0,0,1,1,0,0,2
2,4,5,2,5,1,2,0,0,1,0,0,0,1
2,4,5,2,5,2,2,4,4,2,0,0,0,10
2,4,5,2,5,3,1,1,1,0,0,0,0,2
2,4,5,2,5,3,2,2,2,6,3,0,0,13
2,4,5,2,5,4,1,0,1,0,0,0,0,1
2,4,5,2,5,4,2,0,1,4,2,1,0,8
2,4,5,2,5,5,2,0,0,2,1,0,0,3
2,4,5,2,6,1,1,0,1,2,0,1,0,4
2,4,5,2,6,1,2,2,0,0,0,0,0,2
2,4,5,2,6,1,3,0,0,0,1,0,0,1
2,4,5,2,6,2,1,0,0,1,0,0,0,1
2,4,5,2,6,2,2,3,1,2,0,3,0,9
2,4,5,2,6,2,3,0,0,1,1,1,0,3
2,4,5,2,6,3,2,0,4,3,0,1,0,8
2,4,5,2,6,3,3,0,1,0,0,0,0,1
2,4,5,2,6,4,1,0,1,0,0,0,0,1
2,4,5,2,6,4,2,0,1,3,0,1,0,5
2,4,5,2,6,5,1,0,1,1,0,0,0,2
2,4,5,2,6,5,2,0,1,4,1,0,0,6
2,4,5,3,1,1,3,0,0,0,1,0,0,1
2,4,5,3,1,2,2,0,1,1,0,0,0,2
2,4,5,3,1,2,3,0,0,0,0,0,1,1
2,4,5,3,1,3,2,0,1,0,0,0,0,1
2,4,5,3,1,4,2,0,1,0,0,0,0,1
2,4,5,3,1,5,2,0,0,1,0,0,0,1
2,4,5,3,2,1,2,0,1,1,0,0,0,2
2,4,5,3,2,1,3,0,1,0,0,0,0,1
2,4,5,3,2,2,1,0,0,0,1,0,0,1
2,4,5,3,2,2,2,1,1,2,1,0,0,5
2,4,5,3,2,3,1,0,2,0,0,0,0,2
2,4,5,3,2,3,2,0,0,1,2,0,0,3
2,4,5,3,2,4,2,0,1,0,0,0,0,1
2,4,5,3,2,5,2,1,0,3,0,0,0,4
2,4,5,3,3,1,1,1,0,0,0,0,0,1
2,4,5,3,3,2,2,2,1,1,0,0,0,4
2,4,5,3,3,3,2,1,0,2,0,0,0,3
2,4,5,3,3,4,2,0,1,1,0,0,0,2
2,4,5,3,4,2,2,0,0,1,0,0,0,1
2,4,5,3,4,3,2,0,0,2,0,0,0,2
2,4,5,3,4,4,2,0,0,0,1,0,0,1
2,4,5,3,5,1,1,0,0,0,0,0,1,1
2,4,5,3,5,2,2,0,1,0,0,1,0,2
2,4,5,3,5,3,1,0,1,0,0,0,0,1
2,4,5,3,5,3,2,0,1,0,0,0,0,1
2,4,5,3,5,4,1,0,0,1,1,0,0,2
2,4,5,3,5,4,2,0,1,0,0,0,0,1
2,4,5,3,5,5,2,0,0,1,0,0,0,1
2,4,5,3,6,1,2,0,0,1,0,0,0,1
2,4,5,3,6,2,2,1,2,1,1,0,0,5
2,4,5,3,6,3,1,0,0,1,0,0,0,1
2,4,5,3,6,4,2,0,1,1,0,0,0,2
2,4,5,4,1,2,2,0,1,0,0,0,0,1
2,4,5,4,2,1,2,0,1,0,0,0,1,2
2,4,5,4,2,2,1,0,0,1,0,0,0,1
2,4,5,4,2,2,2,0,0,1,1,0,0,2
2,4,5,4,2,3,1,0,1,0,0,0,0,1
2,4,5,4,2,3,2,0,0,1,0,0,0,1
2,4,5,4,2,5,2,1,0,0,0,0,0,1
2,4,5,4,3,1,1,0,0,0,0,1,0,1
2,4,5,4,3,2,1,1,0,0,0,0,0,1
2,4,5,4,3,2,2,1,0,0,0,0,0,1
2,4,5,4,3,3,2,1,1,0,1,0,0,3
2,4,5,4,3,4,2,0,0,0,1,0,0,1
2,4,5,4,3,5,2,0,0,1,0,0,0,1
2,4,5,4,4,3,2,0,1,0,0,0,0,1
2,4,5,4,5,3,3,0,1,0,0,0,0,1
2,4,5,4,5,4,1,0,1,0,0,0,0,1
2,4,5,4,6,1,2,0,1,0,0,0,0,1
2,4,5,4,6,3,2,0,0,0,0,0,1,1
2,4,5,5,1,1,1,0,0,0,0,0,1,1
2,4,5,5,1,2,2,0,0,0,0,0,1,1
2,4,5,5,2,1,2,0,3,1,1,0,0,5
2,4,5,5,2,2,2,0,1,0,0,0,0,1
2,4,5,5,2,3,1,0,0,1,0,0,0,1
2,4,5,5,2,4,1,0,0,1,0,0,0,1
2,4,5,5,3,1,2,1,0,0,0,0,0,1
2,4,5,5,3,2,2,0,1,0,0,0,0,1
2,4,5,5,3,3,2,0,0,1,0,0,0,1
2,4,5,5,3,4,3,0,0,1,0,0,0,1
2,4,5,5,4,2,2,0,2,0,0,0,0,2
2,4,5,5,5,3,2,0,1,0,0,0,0,1
2,4,5,5,6,1,2,0,1,0,0,0,0,1
2,4,5,5,6,2,2,1,0,0,0,0,0,1
2,4,5,5,6,3,1,0,0,1,0,0,0,1
